hour,SOC,DOC,MBC
0.0,87.42294834037267,0.19254069779849756,2.9016387239982286
5.0,75.41574477289443,0.489079651665749,3.3590793341249134
10.0,77.39467221745583,0.2921571138210397,2.87988812159953
15.0,76.75001588521046,0.06101108818074846,3.133587599891552
20.0,87.05835364409121,0.6437285600749364,2.395818569334417
25.0,81.24819928686269,0.23591846353161525,1.9546598752690292
30.0,75.3825422843377,0.44206195427803746,2.227521054960907
35.0,77.46741586157293,0.5067333488392078,2.7733371784044363
40.0,80.06977401990181,0.23614613700226927,2.6424869897582535
45.0,76.0470732227861,0.4663095200050813,2.6230321097180815
50.0,75.74231872226161,0.5131024545746317,2.3748184621101767
55.0,76.2152879085904,1.058150876009491,1.7956766732333382
60.0,83.5031486062248,0.6432223131992615,3.3537359577796026
65.0,84.94296651349079,0.8148103609608528,2.4728415842095943
70.0,87.83291177577921,0.6200481475167873,2.7817155482433966
75.0,79.51645384909413,1.076641075363406,3.834336681114124
80.0,81.2493463491599,0.8598573382624459,2.6900333052813292
85.0,80.83169687880704,0.9071811075774514,2.945804772555693
90.0,84.37749939894402,0.8054774363929078,2.1532704181954747
95.0,77.8989962178163,0.8321331496225484,2.220830725240554
100.0,79.28175712349729,0.9885170138318331,2.146377890394716
105.0,84.77307537126974,0.3207753057031946,3.031842329172784
110.0,70.00863210871793,0.9746390016289953,2.578849405818972
115.0,67.31742584218205,0.903799853609707,2.089989281206392
120.0,71.76212108038531,0.9670937459231002,2.80582557389382
125.0,84.37209566309177,1.1173429077879415,2.68611852910963
130.0,83.00783138047557,0.6474822639768025,3.4328997078603667
135.0,74.57650045412296,0.984746821738677,2.900876539990297
140.0,79.0920837243155,0.8283211302880046,2.692022826782124
145.0,75.31409107303023,1.1243322431593383,2.1782747138449614
150.0,75.19041121699412,1.039532399567203,2.0553506908548247
155.0,86.52721248585651,0.9602048823773914,2.3877326647681167
160.0,72.48909777569807,1.1523756645709986,3.0502079267922464
165.0,74.98821340648132,0.8877845621609869,2.566750809181878
170.0,77.93622156998113,1.3168241327412153,2.897534449925078
175.0,80.39363716535976,1.043972074819843,2.293777936535582
180.0,74.1475443636966,1.0850335410813163,3.2515006677310265
185.0,77.55723813066636,1.2498017892807982,2.8688107459638728
190.0,85.4188259089205,1.156095147795492,2.373195168855657
195.0,91.20308742126032,0.9470055975467598,2.45165030918446
200.0,84.58672178363813,1.331027081967681,3.2544819929898434
205.0,71.88517809724367,0.822984649376661,2.317521544683495
210.0,69.9694132364442,1.4977516924048089,2.602043125989851
215.0,77.2918035888999,0.9003664113996284,2.6882415194679217
220.0,71.11982510285787,1.370117837514489,3.137403903708549
225.0,63.51149383417678,1.0270364669069996,2.581668292532416
230.0,80.17934316005346,0.9051892378373625,2.2096378283834652
235.0,73.5031217873523,1.2157808316748182,2.6334311431879653
240.0,76.36946322383321,1.1612216920620757,3.2684534262004945
245.0,76.30045321491518,1.4149535162865408,2.9197390533247867
250.0,86.10888862151737,1.3133050377388862,2.9340024575863906
255.0,85.25160475194605,1.145715912138639,2.901353152531232
260.0,81.76144487899741,1.3475016584950652,2.625633315812454
265.0,72.32297780865258,1.1279192301201066,2.8207792978128645
270.0,62.80888830865236,1.541459766521016,2.0959511508108495
275.0,79.31868964313671,1.4930855098350635,2.4864848485473523
280.0,75.67455895775879,1.5511421734562443,3.1248620444104582
285.0,65.50501081099338,1.3816099303160816,3.3920328355091223
290.0,82.75888288538597,1.3588344441981104,2.119472004224321
295.0,80.87964784715594,1.7783206055337561,2.5961478945719785
300.0,70.24185294956065,1.3203631154773272,3.003816068532837
305.0,68.30425182435545,1.670444108519223,3.0373187300984426
310.0,82.70532703226631,1.1295904682726299,2.211074671387772
315.0,79.0370999019497,1.4877376937938607,2.9352865845987006
320.0,80.21899924974615,1.5861272672346858,2.516359971231453
325.0,82.32877365224448,1.384710795489901,3.161015544782707
330.0,77.6894532112371,1.6632200507034445,2.388819349741178
335.0,78.48537778636197,1.4183662773745083,3.2070842344776263
340.0,87.23879015672239,1.3662553259946613,2.470592421381234
345.0,81.64571967482419,1.42834363024334,3.192136303916812
350.0,82.79348171041079,1.4640601934183963,2.8999671445714075
355.0,81.9165264453369,1.5190711096887834,2.5959797392382
360.0,74.69569537545111,1.5323751457081725,3.243924030567574
365.0,69.25158720761542,1.4701434155481865,2.597283468535867
370.0,82.8639311962139,1.6430151245582894,2.2667142909385425
375.0,72.73536649896512,1.4744606750236813,3.686025575437374
380.0,70.52823712496158,2.1047068180256137,2.5733423134631312
385.0,75.29641690660915,1.540385254295866,2.58571692343419
390.0,72.54320147769947,1.2083464430462039,2.7396061009784356
395.0,80.24566935725424,1.4059190792459735,2.2380716265229506
400.0,72.59402299019489,1.763900314017457,2.5232578679784368
405.0,65.10161215168368,1.4277552780188527,2.9216257158757037
410.0,68.16771807338444,1.4275275186521852,2.9204259843152727
415.0,81.85806843393506,1.6252126113687384,2.3098852876345743
420.0,77.94535079896836,1.3705625435799107,3.0103494243508724
425.0,77.43475991113297,1.3605838512936652,2.8108890533836512
430.0,67.96708629315737,1.4970920232914002,2.8443219881476813
435.0,79.56699149500007,1.5558642738502915,2.9902999017780694
440.0,67.14981697963668,1.8332642097771856,3.8440969555539706
445.0,76.46853788975561,1.6103679471039825,2.63734985903033
450.0,74.74712562784934,1.812391298453957,2.969892114321788
455.0,84.84751630685284,1.4710698099008477,2.9703410475729486
460.0,80.68002569205535,1.7759515896109148,3.4891338706664663
465.0,77.851515109114,1.7727688245045137,2.842721175495126
470.0,85.18242185202455,1.6072033535325996,3.3106448789300438
475.0,68.23820154571553,2.025890845969683,2.3330969204655005
480.0,73.44866074017001,1.6427555427872185,3.0844439817192333
485.0,66.39276572559773,1.814152418690027,2.369152265541742
490.0,70.34679107468892,2.094376408550437,2.4396318079141515
495.0,77.7862469984932,1.9817296222090803,1.9813016306775184
500.0,69.98430408615135,1.823381633576444,2.746134656066514
505.0,72.18594843861001,1.8804872815557727,2.723307542330299
510.0,83.71331873216442,1.7565139227287956,3.045046416894296
515.0,71.01099035664602,1.9070229204873363,2.217003796949431
520.0,82.48520284146572,1.654663495558835,2.3848017234785357
525.0,68.58532697663799,1.5189475596021143,3.7002979495964317
530.0,72.43256641290574,1.6513903560710592,3.651217172826524
535.0,89.17568016910573,1.821009110817758,2.6725158835057585
540.0,84.15235119096045,2.1405564393184657,2.648835919367786
545.0,76.76381902727317,1.9728671764482673,2.609871666593672
550.0,75.41915093624701,1.471005862473303,2.973640594995846
555.0,75.78638411676258,1.6353985880456525,3.0741542326977895
560.0,80.23519025049802,1.9324053682734028,2.85222135069446
565.0,67.01553327847473,1.5418585700129543,2.464968937832317
570.0,68.60521676027473,2.020009582697208,3.2261042802631903
575.0,72.49416760646064,1.8903969650225134,3.05589334694848
580.0,77.45733527821726,1.7344069783172407,3.291213430134335
585.0,75.82638628188913,1.8470649982181404,2.2621695327227167
590.0,72.44426894329675,2.4043115111412163,3.2069314599127057
595.0,67.06481313899147,2.2272612824596587,3.183165310457027
600.0,78.05686795007733,2.062989528119585,2.3764007446633366
605.0,71.97513472663431,1.5812032946155423,3.4083181234083186
610.0,71.8781776634919,1.8063716425527436,3.147566113768898
615.0,80.61518069979546,2.111791933689692,2.9296841265757916
620.0,66.62228970200434,1.959447860377078,3.484684725713856
625.0,70.76221750063063,1.7376530804148764,2.6977979422939184
630.0,76.35056078074484,1.9947275579376154,3.0749593895441967
635.0,66.13759610855482,1.8900807206588155,3.34891715455054
640.0,68.62960037958295,1.74456993438569,2.685521806270619
645.0,75.17147590628096,2.4306624248018824,2.9266797143194103
650.0,66.65685853539068,1.6801192833213647,3.0318016268030776
655.0,81.52191935234569,2.3963298459774562,2.8160125687993003
660.0,83.15896466014954,1.9224047690507977,3.411413630622485
665.0,86.84397583872743,2.0006321970891356,3.150121562879451
670.0,74.13352002687166,1.983273304127544,3.5389045243436232
675.0,76.90815158966106,2.2881354768232196,3.0250483160761763
680.0,73.8319389068334,2.348052308009862,3.1033350910629123
685.0,73.91400617751191,2.285544122813889,2.7977127170300373
690.0,74.52886398490689,1.7734184751253852,3.2619445148815194
695.0,74.10064629531462,2.5034438070815517,2.5096772358713597
700.0,73.69103904187116,1.9887442664630763,2.8909591017799663
705.0,65.0004585865328,2.0765248725251375,3.5396305407095197
710.0,72.34952847682672,1.9188822511069064,3.276005455136452
715.0,66.65100820778108,2.3165740872073703,3.0431374632973385
720.0,73.67855780960815,1.9922638733347189,4.005338174611111
725.0,77.6954608752902,2.2146326573768484,2.54029809683285
730.0,73.23691969012323,2.0922079887607237,3.5213452653951465
735.0,76.19447693015888,2.2873972203415254,3.08240195035547
740.0,62.7816856939791,2.16434822819544,3.2865410417214895
745.0,75.22172929698368,2.4545143114891936,2.4563754608854227
750.0,59.32785151097894,2.2362454055892194,3.184951994057536
755.0,73.35423544016898,2.548991424668367,3.0133421384274675
760.0,77.35865235324981,2.41673137342654,2.7173840132034086
765.0,68.69486633866644,2.5191456685119724,3.019018930506431
770.0,66.66283892895875,1.9873821255739854,3.6682252922983922
775.0,76.56974392815341,2.594952201876376,3.274091151977629
780.0,83.88481350394105,2.584300765806268,3.530618188132294
785.0,72.98823214405934,2.3773891133096283,3.1177882379089583
790.0,69.5505314736463,2.360735598248341,3.9947564702426455
795.0,82.97576361456451,2.2378676615840036,3.5178511318647416
800.0,75.66653852238824,1.8396047524634045,3.1808123074895707
805.0,73.22689115817654,2.594281802359257,2.73690880949141
810.0,73.88730796977863,2.2340361063015584,3.1278270901716425
815.0,78.15450105450657,2.3210515354479,2.4097085959297173
820.0,77.07437318146019,2.0957834366143984,3.250789151410159
825.0,63.2178981967344,2.322695207553431,2.897651998815334
830.0,59.18085198817914,2.295587020218995,3.158230245589459
835.0,71.79300848189403,2.240614449843807,2.9579717960230525
840.0,65.09899855683899,2.3500145202495424,3.122563858853985
845.0,78.96402721304798,2.198801463688356,3.3284041060268295
850.0,79.35040518014253,2.1911602855236993,2.4857294944065274
855.0,69.63298037463831,2.2799951247646932,2.7237544632322654
860.0,78.28633278227181,2.277522555727779,2.9674117515504577
865.0,72.97041681544074,2.3517876469949486,2.5222315177814094
870.0,73.38342844983222,2.6203088015213725,2.956662620658527
875.0,76.70424647296592,2.5962776784905386,2.5511134005376617
880.0,79.94448284232593,2.2766123509108143,2.755482739067518
885.0,81.37507653106493,1.9962035898996033,3.533957303412475
890.0,77.20494992111558,2.2375248511856016,2.9880278498607082
895.0,68.4964942255999,2.3464949762109955,3.2824841322897185
900.0,67.0140829340771,2.3248840538126467,3.892243041455557
905.0,64.32840830608241,2.229448493059429,3.409196401922477
910.0,78.02548226268362,2.360566282718545,2.5532574336832985
915.0,80.5533117915214,2.536989015058011,3.0762358437539508
920.0,77.79641882930146,2.6595240810754546,4.221096258048519
925.0,63.00829118538493,2.4903954109427198,3.243571973625816
930.0,71.9389252932408,2.502796347124314,3.328357001296014
935.0,79.44311369501108,2.286147326367455,3.619605234830072
940.0,69.69295933023936,2.248026618469602,2.9720576470094455
945.0,64.26401568660081,2.338726758340886,3.7933985614460823
950.0,79.34521027573295,2.2838396462424364,2.9450229102471925
955.0,77.69759324094603,2.1413514306623105,3.790628344464875
960.0,68.63278628268137,2.128293056069271,3.5408921376678775
965.0,73.44030421791119,2.488388213004587,2.8626129573572574
970.0,73.99990728937276,2.43485961475838,2.979551685967503
975.0,72.65216019919113,2.354626958279127,4.0795145075164365
980.0,82.65716639591626,2.2119741295030497,2.3943818764591476
985.0,64.0054144030535,2.43311508860982,3.312273134898317
990.0,82.10141042061021,2.987841652204316,3.982336410968768
995.0,75.1445448126071,2.3011710846590896,3.336111861207725
1000.0,65.66862023879327,2.634662746005511,3.411261958000532
1005.0,60.11185396626718,2.8870521235217375,2.640517957914242
1010.0,70.96252656840778,2.6796524518759868,2.903091831055728
1015.0,72.16063705147707,2.399024856926632,2.6848858844981702
1020.0,65.96221721816563,2.3712712702501615,3.3738398815615844
1025.0,64.5149806547264,2.310819351133891,4.090698902967904
1030.0,69.92919487876304,2.350412224337986,2.7352682010350424
1035.0,69.11340047482936,2.324842144399846,3.2918574770678095
1040.0,70.34063523212598,2.340725633810404,3.3023784874107247
1045.0,71.686396323767,2.4279199560529454,3.4265410218689145
1050.0,68.91147167191096,2.569347165550869,3.328955542137664
1055.0,65.7673099054594,2.5957575322658717,2.8275080645046624
1060.0,67.10331851340442,2.6303700059015096,2.6453339780812737
1065.0,76.97058030532352,2.571935766327198,3.37955117000367
1070.0,72.39312830917656,2.694732977626384,3.6917696678272125
1075.0,63.40823015202202,2.3232471033632422,3.6629912543926313
1080.0,70.9938102510601,2.4970895832487265,3.1244869412472083
1085.0,63.13095206843629,2.2816838603131324,3.197616409965575
1090.0,64.93262699829424,2.8256167286956964,3.201249474338371
1095.0,68.85110150274099,2.2613087480807517,3.042148927525381
1100.0,67.19871207619505,2.178823346697193,3.5426725376378823
1105.0,64.55177510508292,2.5788337005920323,3.565162097215486
1110.0,66.77540070532488,2.820811794817335,3.1560503521671253
1115.0,66.66510678273747,2.5369786059697246,3.1864645432248797
1120.0,73.98256611130975,2.581986005591341,3.9157172963043294
1125.0,62.528755257951744,2.255897252428089,3.3456296876026026
1130.0,64.04037467823628,2.663950167901688,3.7581386126038425
1135.0,66.67130869975358,2.669403053999492,3.7656220934306996
1140.0,67.98371711862573,2.5320087698682885,3.6640455513946693
1145.0,75.45848861110478,2.7137535366478316,3.7042120733736565
1150.0,75.4611814398394,2.6808656074634962,2.779225521870128
1155.0,55.24729966197331,2.305239891592482,3.371448549662628
1160.0,63.76229440527612,2.715228930395426,3.3752033422686867
1165.0,69.18662796488137,2.497084338743589,2.980141841545818
1170.0,64.60242395331173,2.627524351969482,3.2686189248122246
1175.0,70.68300905338786,2.676927605934134,2.668925187506596
1180.0,66.93649748693863,2.448558299754872,3.22503950305756
1185.0,71.49172691613057,2.289192855732576,4.24487795813071
1190.0,69.54615695521612,2.6732764723460223,2.9733857970570283
1195.0,69.68712918623886,2.6153700590702367,3.616393056808641
1200.0,63.6176438174514,2.8548932593827914,3.5288101949866597
1205.0,74.0697402074787,2.7341189328527093,3.419397014725598
1210.0,61.72061610474826,2.826088175446108,3.67672393415975
1215.0,68.2416621164999,2.7595527689141583,2.877410365079789
1220.0,69.56929138874972,2.2914849074247545,3.4198185320711487
1225.0,67.45339194022263,2.551123364631964,2.978387494293557
1230.0,62.95207003618931,2.368690047706184,3.761015208107292
1235.0,57.314067113958394,2.702728228908128,3.528972432991385
1240.0,66.71338780776695,2.7577010730004146,3.4108551290439335
1245.0,62.28416537182935,2.595730757769441,3.425167658782466
1250.0,65.32949245823075,2.677451119611492,3.293424298869377
1255.0,76.95087821034124,2.8000694236429284,3.128412816315091
1260.0,59.68987974930902,2.9234288335609238,3.2527703753264468
1265.0,57.92591203967385,2.787509972596147,3.6733738131549933
1270.0,75.02059937765432,2.5643823814937194,4.091581131094169
1275.0,66.8821537705209,2.59311436403505,2.7751808181394937
1280.0,64.39397696266487,2.809892027012496,3.1396091283735146
1285.0,56.497992262153836,2.4579169101344793,3.0162736349051276
1290.0,63.009788168780844,2.52967291905661,3.0994024809767318
1295.0,67.55679281988829,2.5534738325367563,3.2574686503816674
1300.0,73.62961746612423,2.7931393739217287,3.142264469874342
1305.0,67.54568427975903,2.7129886786000386,3.503392838081908
1310.0,60.15069751152519,2.7573989233198137,3.1099439101088526
1315.0,65.73525281011871,2.554260603978805,3.5072396549489464
1320.0,61.324377428061226,2.7356237849429133,4.0418924453647955
1325.0,65.84265749498215,2.3241727579855773,3.08060001059279
1330.0,60.02254241162869,2.6507729659733075,3.476924769486305
1335.0,63.24455465602009,2.6005350560090035,4.036834698383511
1340.0,72.55196949527661,2.995208720006334,4.384605876988083
1345.0,70.69016646593202,2.315477856770565,4.218263269235884
1350.0,68.76255752138967,2.918751293083086,3.689784268985239
1355.0,73.38850927926744,2.9095254624694338,3.5767364636749064
1360.0,68.45119366555728,2.982560830946347,3.6162359630869445
1365.0,66.18272043205398,2.698369105506551,3.486637093078623
1370.0,57.6866564519957,2.510242887088754,4.516689577776843
1375.0,70.92936747228077,2.901662722492178,3.705167517068839
1380.0,57.27545150993539,2.586198014667224,3.6089367110309047
1385.0,61.17163073661989,2.38164098910238,3.4667675580475685
1390.0,70.73732700552188,2.485003153260619,3.393701512164111
1395.0,76.99695491544439,2.424418148232977,3.2876340623743094
1400.0,64.70279594297013,2.9053523948740754,3.2594997837591246
1405.0,70.022920740906,2.686539416651827,3.7957951049783607
1410.0,65.57322277620311,2.914651803026392,3.0148988712256273
1415.0,71.07254615493821,2.291238419621334,3.345459123050443
1420.0,59.473012878252206,2.6749938948710654,3.3779475032381088
1425.0,68.61707767177933,2.3835673008668667,3.96417425399509
1430.0,69.41409451531727,2.4484227032651424,3.5380169606471124
1435.0,65.92037537719214,2.486013354203454,3.9633841912181182
1440.0,62.02139540848867,2.645700398457986,4.124155534177626
1445.0,65.9894216397425,2.477425786694494,3.5163791583516804
1450.0,60.6008313312351,2.764528766085916,3.336283080690305
1455.0,64.87696256847441,2.6401777084382836,3.2285945577105877
1460.0,60.749814462999076,2.758224476362582,3.2609087694040606
1465.0,73.33714086442751,2.682494132697766,3.3913080187443936
1470.0,59.85069732322203,2.518615924620373,4.498233830652413
1475.0,65.84672212692503,2.9336553465754305,3.491881597805525
1480.0,57.88686878788439,2.438967282527944,3.886778170352052
1485.0,63.85927436696707,2.3692314644161465,3.7879299131112165
1490.0,66.08482148222757,2.733058907171555,3.967951518391435
1495.0,59.337249643184876,2.6266011464409083,3.4239179042189187
1500.0,69.31603956527455,2.63645683591041,3.935061697721705
1505.0,59.43956934170516,2.848572504187679,4.525971376701839
1510.0,67.33158941263356,3.197434862357455,3.623973423565146
1515.0,54.49810658952014,2.77041184336389,4.208994481394053
1520.0,60.85734799097045,2.6555286887750484,3.521516466573957
1525.0,62.745302996815866,2.7162958713707557,3.6298502616817094
1530.0,68.8431792797487,2.409518069277526,3.431387787652403
1535.0,68.10182250995135,2.749102324326019,4.46135068910193
1540.0,70.9507555649384,2.32292522554007,4.117447592591741
1545.0,64.47374082238008,2.664902020684037,3.9343595384757255
1550.0,69.89002812533624,2.6411823208544094,4.238155772424258
1555.0,65.04209316049142,2.4021682185222604,3.4779844654558514
1560.0,50.26022024590732,2.39564723561095,3.638590350145825
1565.0,65.65417736667428,2.686069232397732,3.7187782510312406
1570.0,65.69531666799251,2.333713124142461,4.72497989831533
1575.0,53.90323880967276,2.081013682623091,3.771439218100392
1580.0,69.07901309905331,2.2008327535247934,3.6909133878834113
1585.0,60.420263894630864,2.7684006582348353,3.165988091384028
1590.0,66.3529750731188,2.5947001275419237,4.273018287075007
1595.0,71.03325929394518,2.806076700371335,3.969402885559435
1600.0,62.809281804567576,2.6202827074872626,3.689847684170963
1605.0,57.919394396346966,3.0736848096230833,4.35563540678961
1610.0,68.60794300971077,3.0001671572836646,3.8540447586690174
1615.0,70.91519174896791,2.711146355220419,4.140701737368379
1620.0,65.72177272929035,2.961785291707046,3.0632715485007065
1625.0,62.63317507311882,2.827005219971458,4.104466414366756
1630.0,68.82071644462783,2.5622773221776565,3.8603949089882295
1635.0,71.54925918374218,2.771123350380932,4.1005079414638965
1640.0,55.35594423737109,2.582062110898649,4.067181634073513
1645.0,71.93306653654676,2.7245620699357307,3.9037598129846764
1650.0,63.475382168997115,2.286623717268027,3.813602629282852
1655.0,56.13509667486728,2.1429919664366195,3.6584773079291733
1660.0,71.5782940440105,2.7157946823931085,4.324555533312049
1665.0,64.09105295947607,2.9373258523096473,3.9768856867680236
1670.0,66.46653404655774,2.7059262250040113,4.191250029249698
1675.0,69.7688923176495,2.738165308546996,3.614543518145093
1680.0,62.64514073078698,2.762858737312851,3.7136560593735655
1685.0,66.73260438167101,3.1588260544870925,4.427682375983841
1690.0,75.94931306812799,3.2661830136040484,3.4316011188666193
1695.0,61.11207945323205,2.6294973498293,2.7720402398029673
1700.0,67.67982487067208,2.5973774767441817,4.370944358572727
1705.0,67.78856628048003,2.843292434932788,3.8290232053701687
1710.0,74.36138784338189,2.5951131634718863,3.463653130110833
1715.0,58.08246864292145,2.6242705803619457,3.8941757538711435
1720.0,56.315072494367804,2.7563977884185684,3.36904222542735
1725.0,61.30475485492878,2.7353121428578553,3.959721386504528
1730.0,59.21522917314243,2.8599542860370115,3.3048133489228415
1735.0,75.61056845007933,2.569791837239859,4.401445342818412
1740.0,57.559508160441126,3.155642625559197,3.9706338622697075
1745.0,51.048711659019176,2.753265223617491,4.192999518039448
1750.0,58.160870133749945,2.770559678670145,3.9457519404005286
1755.0,57.67999587014042,2.661874945229219,3.849412069808248
1760.0,63.901187688557926,2.6259535714247493,3.8051086431624612
1765.0,62.46875185384067,2.8377355269661253,3.55702533729644
1770.0,64.59857449959871,2.770591015869366,4.580111669072494
1775.0,67.73951778617204,2.6748565334726973,4.055505356645822
1780.0,69.18514041563164,2.592450804266373,3.8695283232089985
1785.0,60.90860802600049,2.8287367820427143,3.4825848467447944
1790.0,70.64164709467565,2.762286570165846,3.865877696779217
1795.0,68.2939338330195,2.9377994380820307,4.284317072062292
1800.0,63.32303995333254,2.8672214402740783,3.37516188003084
1805.0,70.2279642427469,2.6811430519432617,4.010423058606123
1810.0,68.8232768747173,2.395149860380013,3.8706746795181712
1815.0,63.18932137344487,2.960766868090682,3.999018537545473
1820.0,58.6030190845547,2.979432049182243,3.999697417745201
1825.0,75.8674259241979,2.652608247165284,3.8700896226433006
1830.0,54.011880830745795,2.925849482609004,3.9908103051187007
1835.0,51.707783631404155,2.5766917242824694,4.142553797078874
1840.0,61.95116383814184,2.5755426210271515,3.900314106710633
1845.0,59.190555499179375,2.536727918315798,4.032691714789305
1850.0,72.1561625811805,2.863417692546029,3.6098691862540546
1855.0,53.74693353034565,2.9923068776357318,3.717414065292548
1860.0,45.25417258471251,2.494665786882731,4.039848661612738
1865.0,52.97708504007492,2.8507748403723574,3.5729431171506594
1870.0,59.804069279144706,2.8461023260757954,4.365346433284578
1875.0,55.6094849417566,2.6471635729684757,4.16983577420379
1880.0,45.97468947244554,2.455459708751313,3.877279900769538
1885.0,67.09666287541413,2.645972719154779,3.83021774991677
1890.0,71.09597382359598,2.708544757959754,4.334512303120998
1895.0,72.17624641651504,3.0947029232300665,4.075579012532767
1900.0,67.20609725436537,2.754591175777653,4.2264855527625445
1905.0,50.99686854357784,2.8991465115969155,3.8019407581680844
1910.0,52.19583545735783,2.741147217454677,4.175590255796226
1915.0,64.0618636405964,2.7481205463717817,4.293690853906769
1920.0,63.43939595020239,2.6482769172035048,3.8304416094428193
1925.0,69.05706588669955,2.7818898843227604,4.4299822910249835
1930.0,58.454392607336985,2.5849777204083564,3.4366174989012324
1935.0,71.77647867983359,2.6964054125298658,4.193635866186496
1940.0,62.101621674586454,3.160462027227939,4.638048153644013
1945.0,63.42126131610298,2.7259596812914335,3.5485852221767287
1950.0,56.91836011329368,2.0851134312426307,3.6795708604742248
1955.0,56.79277347095124,2.861311234013691,3.0481689296632952
1960.0,67.43806964800528,2.672317053782755,4.20144116871737
1965.0,62.71873936858457,2.4417704111225715,3.9912027538478143
1970.0,61.94714735505592,2.6045046096535063,3.9475915508937405
1975.0,64.48745816506205,2.4477210386086616,4.486650427551883
1980.0,69.96132929474142,3.002523341580036,4.243428053929017
1985.0,64.1955414867423,2.69949479080515,4.006626848476499
1990.0,66.56923382749495,2.764795357074246,2.950012219282379
1995.0,51.55502936100715,2.6382484502697214,3.318715068252858
2000.0,55.86278154440852,2.501219519855585,4.094558609926807
2005.0,66.38442525068666,2.5184513318826354,3.998525214076123
2010.0,63.20634150199244,2.704223848542185,4.327947574196207
2015.0,66.0679990612449,2.5110080168560183,4.076725250460581
2020.0,58.969646278766305,2.5522088549813047,3.5056153427733654
2025.0,52.47774246631381,2.3813372722849335,3.887223744697409
2030.0,59.59259112587599,2.5129227223900243,4.014852615103349
2035.0,55.99622108767826,2.710780397238253,4.31536500473758
2040.0,59.854864395977536,2.7857599736999603,4.0824092710689515
2045.0,68.21895013298479,2.730008047460219,4.094668052691622
2050.0,56.14003021673887,2.5896859140717363,4.2286998333609525
2055.0,59.45265636315273,2.661165551824264,3.5375541577656087
2060.0,65.66821576895072,2.9755008037571686,3.937290265044357
2065.0,58.48685275391773,2.379419558205644,3.601459099658136
2070.0,56.69280902596773,2.879160299657924,4.698036809710213
2075.0,55.920676122618204,2.6111824497402387,4.151853145012303
2080.0,60.99084814222668,2.4810825316990357,3.6888576938825968
2085.0,38.64230356579751,3.128385282184666,4.028142704844597
2090.0,68.17534772144224,2.4395905624202845,3.680851020047228
2095.0,62.15520912129995,2.289699110578546,4.818595612377559
2100.0,57.33394935420946,2.456442507734927,2.812157530630616
2105.0,54.3532289563282,2.6569578083201177,3.9455463227798977
2110.0,58.05673522536878,2.634213195073765,5.050889148052793
2115.0,53.03425991202997,2.196588799375048,4.089610944327613
2120.0,58.463136523675885,2.876434708019578,3.6171404377554652
2125.0,51.71497595078813,2.9397247603009804,3.7959127520438427
2130.0,56.164541565188316,2.982701780926,4.845201168014046
2135.0,58.593244188595776,2.654717883878798,4.26590519132404
2140.0,50.18002576827683,2.557844024829219,4.190982342365116
2145.0,56.491839702698925,2.6222937214294197,4.190192704297742
2150.0,60.97639881465896,2.6991295368428587,4.142194906121786
2155.0,62.18787362588894,2.946712243086445,4.085520051863949
2160.0,46.588381478447104,2.81326918344892,4.196782520202888
2165.0,53.86578831373472,2.6007640269896566,3.4948811082472497
2170.0,49.46020490613706,2.8514159780656443,3.7658400379907095
2175.0,44.09321117666932,2.7364575996694986,3.9731509755163974
2180.0,62.25430057242228,2.5556289077889454,4.225549578292834
2185.0,60.206708241899804,2.3935654845731786,4.5824096988689815
2190.0,45.903705355436266,2.613831386540625,4.027919590514732
2195.0,66.77848492188743,2.592781674120836,4.104235159676872
2200.0,51.61833162262215,2.5676964328630847,4.825119187522052
2205.0,62.33582720443487,3.0811031317116786,3.445194421091305
2210.0,63.46170110596386,2.7877117255751234,4.655883273118761
2215.0,60.95133561821305,2.022860375698937,3.773377598230166
2220.0,56.336187407449245,2.734257468861901,3.8897032970862555
2225.0,61.14304347596681,2.684990880673157,3.905808586252306
2230.0,52.36705621133266,2.586135627981383,4.559570750618304
2235.0,63.83577782081415,2.8948357955959922,3.581600229836265
2240.0,60.65239674270072,2.574837191063922,4.666039022161292
2245.0,59.33572772865052,2.6933571355384474,4.464392802418299
2250.0,53.46639179525192,2.4855362473899634,3.55844549292702
2255.0,66.63197260481806,2.5340187909933665,4.322321341710435
2260.0,68.55039674045986,2.8989537584680765,4.3546347395222345
2265.0,56.07172897796281,2.861129343114063,4.035858616105748
2270.0,54.49201680000111,2.462390735455339,3.6565351796292673
2275.0,46.611548246075145,2.60685165876994,3.3372714645906663
2280.0,58.50425584198505,2.5531558970451282,3.796922252610717
2285.0,53.111325661462416,2.3957990792601374,3.9207552087622797
2290.0,52.46071849802375,2.529230608819437,5.452544696068538
2295.0,60.90215963317839,2.685757425670745,3.8334662327269933
2300.0,51.63421789786399,2.6759079338595324,3.8791086009413926
2305.0,59.79887285545645,2.5444878531032704,4.037899031556297
2310.0,53.04721555133506,2.833327507670097,3.8339401795628913
2315.0,57.15018579833522,2.5941204010418653,4.404508098314251
2320.0,59.43637332665086,2.4923863025748734,3.953982211450804
2325.0,54.276649506139655,2.1821445900452345,3.983983747813235
2330.0,55.749363504127,2.939410057633916,4.5763022560743
2335.0,58.565103915070715,2.694356081201616,3.773152524475069
2340.0,53.50399497594155,2.759809995223034,3.8467871373511033
2345.0,54.52352521242224,2.7093835306444563,4.310767167517335
2350.0,57.19568273099123,2.4429189398141378,4.326979630727213
2355.0,51.8393725779201,2.5165993919535348,3.973695227669892
2360.0,55.07886193902311,2.8118515274256204,3.812097842630452
2365.0,59.48836236358088,2.5356661269869614,4.238217041262247
2370.0,64.94984890902437,2.638526035943536,3.864816202842587
2375.0,63.55507707228344,2.772146294683871,5.0203111197786505
2380.0,62.30580827941893,2.593214486818304,4.612982352335071
2385.0,58.01483186104967,2.8037565329550027,3.97788288359826
2390.0,51.17716450725074,2.20513421802431,4.637954507835883
2395.0,49.99653501535347,3.0994312022545607,4.398440122024835
2400.0,54.15981614146256,2.644567406753964,3.6066890332670374
2405.0,53.89406836817148,2.6425183189827175,4.597101050313633
2410.0,58.970352445252686,2.871098295565159,4.337150766455612
2415.0,44.062474040592136,2.459982263095603,4.671474572902015
2420.0,64.02833436084272,2.474239754531633,4.363076698658181
2425.0,57.56348128092197,2.6569019981293778,4.6563496427652895
2430.0,52.5903314692624,2.737015023969482,3.7715270604099462
2435.0,69.1656973129859,2.818651392128265,3.562652098725149
2440.0,53.64104062273765,2.4734328733818334,4.379416304117406
2445.0,57.52918826941628,2.4377004699769227,3.7787102582777425
2450.0,64.74937025520632,2.6624504494208,4.296657196586969
2455.0,53.44959497092065,2.4865193263628083,3.999185908829435
2460.0,59.15736552413125,2.7041328876119497,4.087401759897873
2465.0,60.028048314152024,2.336636506262331,4.564969702521954
2470.0,56.055825559548175,2.678340801968075,4.101707386203558
2475.0,60.75137358794921,2.6143932942031216,3.500081271615269
2480.0,49.9828074809811,2.6912559166976284,3.9007962121758393
2485.0,59.72137061193438,2.7256285084120235,4.762059731441495
2490.0,55.95758658784444,2.5671586053616693,4.640103844317023
2495.0,63.04039782915733,2.6724444690180436,4.3365614104847
2500.0,58.018035228644315,2.1894921475979086,3.6269439653503937
2505.0,61.786987711223276,2.49868187953139,4.795340265451165
2510.0,48.96314976943951,2.5689033627896376,4.261241107228349
2515.0,60.916226687684414,2.6900601490108147,4.570687522304612
2520.0,57.022401162207856,2.7368195881640474,4.418714147279357
2525.0,60.822388692839965,2.4739728812809965,3.998826022586792
2530.0,50.750327478017674,2.722232093912803,4.3896408492183445
2535.0,58.797901497726954,2.5062858630132174,4.363571763721376
2540.0,60.58746850912729,2.2270420772194304,4.079040880223351
2545.0,58.62087586003306,2.423538338988567,4.453364941152675
2550.0,56.44923781457434,2.5841155971969423,4.418709109987229
2555.0,59.66919736357863,2.565485129306343,4.417335056122729
2560.0,48.42805671269322,2.3066183578573822,4.888737719844032
2565.0,46.32570045061316,2.252998395484644,4.389461743236638
2570.0,55.711564777922334,1.8689551571985108,4.697721424686424
2575.0,53.83534080801773,2.216641960720717,4.285516329088658
2580.0,58.895419151150065,2.5780665719159845,4.190415626517715
2585.0,61.88899986472261,2.3480456403696155,4.41458945566767
2590.0,57.99383012189393,2.4463009849143553,4.454013841386434
2595.0,53.718348572464514,2.9043020671416846,3.4042127010459695
2600.0,55.82224387950487,2.5331917223785156,3.995821634253497
2605.0,56.88368861518321,2.6413191973331207,4.46672413416354
2610.0,62.744486563347294,2.548779862978076,3.982780155407084
2615.0,51.01609950319853,2.6856473316764373,4.552865297045098
2620.0,54.54693002464145,2.455934812087133,4.040633771181593
2625.0,46.92743424676382,2.6939148873074026,4.6215138532629405
2630.0,61.81916114690611,2.7305035075305972,4.005146064530208
2635.0,52.31215898663473,2.327383346599789,4.334920965656357
2640.0,50.04271746397494,2.858297218993101,4.739092760861642
2645.0,52.76019162184439,2.3308031570567254,4.401564396347138
2650.0,49.47031107359101,2.5414667352030493,4.401423890081355
2655.0,42.117446883423355,2.3032391372450784,4.114454195895987
2660.0,44.807461870797084,2.1433620868808125,3.789965389380213
2665.0,49.977963223163954,2.4911740326208336,3.94692543752436
2670.0,44.028740391815234,2.571599770940461,4.826094902223671
2675.0,59.48897992986073,2.3193524926754194,3.969092769547554
2680.0,47.58450143321185,2.291469431456524,4.904277111387382
2685.0,60.956539204798865,2.684954329236284,4.093407435643152
2690.0,47.84441231228401,2.495244476943539,3.8830523810465456
2695.0,56.73616116631847,2.467831268124508,4.070404292734161
2700.0,53.91253015769927,2.859049047207081,4.568281151814371
2705.0,49.212538421539634,2.4097200485964154,4.4186607821126715
2710.0,42.42521206429863,2.1146895778932913,4.62020763624369
2715.0,45.43118616207452,2.436926730885294,4.030672508309007
2720.0,46.219092642631665,2.5353973714999283,4.4646605182138615
2725.0,57.8732525274325,2.5888880131277316,4.656690919304962
2730.0,65.27545230427158,2.280652785755851,4.3271310172180355
2735.0,60.80217389791993,2.642816932491583,4.294415382267783
2740.0,59.877381457861865,2.162251901447257,4.579212983210001
2745.0,71.05547466184956,2.4820207666657392,4.668439328851664
2750.0,38.56790059214522,2.3755562013614764,4.538420912448356
2755.0,47.407920802643275,2.470499006716804,4.348279726641215
2760.0,45.92986349073991,2.3844664377782774,4.4147320980713785
2765.0,52.27843811249766,2.787950048584612,4.195782191144349
2770.0,49.4066185898551,2.795819292031533,4.017211332317678
2775.0,58.84343209953903,2.495840200941389,4.624171862987668
2780.0,47.08301048192482,2.3357787892763264,4.442540534875736
2785.0,55.32055438021865,2.3085609218405594,4.667745985679155
2790.0,51.64581177009937,2.4512541180075176,4.239463451827602
2795.0,46.57798615467475,2.599353491111106,3.9755346045803845
2800.0,44.956125343434486,2.4982532900639907,4.29307128642216
2805.0,42.36144275432045,2.569253064076028,4.238387260145808
2810.0,43.0136958309227,2.4079708893610188,4.7992817642392565
2815.0,61.44291216030145,2.2369098483555314,4.4447643767325165
2820.0,58.52587342135044,2.377769323817212,4.572685731176207
2825.0,50.14088278268106,2.4834896782178477,3.630620718504947
2830.0,60.02029726849042,2.5309966956534877,3.72463743904041
2835.0,43.025991835301795,2.325229568723328,4.329134429484837
2840.0,56.47945154623738,2.2489199576297203,4.509564922878867
2845.0,58.26103928906091,2.3005496239589553,4.143723611696638
2850.0,53.27938399039842,2.3783706639158297,4.426976791227596
2855.0,45.31870312929878,2.2874009449226014,4.709478378198789
2860.0,53.14959977951902,2.042845553296127,4.380701563625969
2865.0,53.59624863082033,2.45117758386495,4.086826364850884
2870.0,48.3320027318468,2.298350334454055,4.555738221722857
2875.0,43.2916488900361,2.325395827056497,4.356248982651404
2880.0,54.15744648896552,2.4982976580031786,3.5838166838893875
2885.0,35.294429470089966,2.462746686875953,4.47165507573229
2890.0,56.21515308467899,2.402911713224653,3.7220039589020297
2895.0,45.2857603692346,2.3006434914489127,3.7247811686598986
2900.0,49.89548715060536,2.245134553301622,3.796189133718789
2905.0,52.92608705882605,2.438563101284498,4.946655373474615
2910.0,43.52447731771146,2.6298794805317183,3.7228097359597263
2915.0,53.492452038806405,2.3749918652272797,4.168840699046533
2920.0,50.812038051036005,2.2112912839800085,5.156454176806704
2925.0,51.47749185885979,2.384287175566843,4.516700501492265
2930.0,51.92393058739011,2.1196312315391035,4.063410323040358
2935.0,52.14800080281834,2.6227848142718724,4.19807288256137
2940.0,49.15680164201253,2.7797584147610053,4.266237102904787
2945.0,50.097073975240946,2.6398772729800606,4.026394951133506
2950.0,53.176292806440365,2.5553597777833024,4.399150149618807
2955.0,42.4425874756528,2.0449085293533633,3.7835798502075315
2960.0,57.9856642482362,2.2626259969462286,4.001082354109187
2965.0,42.14429676665842,2.422299968570135,4.352605353235971
2970.0,57.55868305994197,2.2660578488469074,3.8602952958694736
2975.0,42.86232859862062,2.4126474732239296,4.705988582376116
2980.0,46.326061970664,2.233940282617393,4.151831225503131
2985.0,41.97642412728121,2.4963675161488963,5.102888163203792
2990.0,57.77077536601992,2.4377101102513152,4.315725916118101
2995.0,50.943940583698975,2.367558180181173,4.007457879109438
3000.0,58.199581788919346,2.137921408718755,5.130795690024198
3005.0,48.273211977609115,2.313897858458033,4.674446677950518
3010.0,66.26643716703283,2.2243140280101357,4.567465156244418
3015.0,52.13500127273147,2.4342949033068924,4.4587699363198485
3020.0,44.822946069535135,2.3010503303698364,4.618896778414575
3025.0,56.532681517541334,2.3489608817800707,4.561546088920448
3030.0,48.64645222098681,2.358572403806667,3.7000644208680527
3035.0,52.17054430707348,2.193801446191468,4.323829588072363
3040.0,51.077931990134786,2.257120427459656,4.7455492014702
3045.0,57.795870019854526,2.49977212817181,4.718845131212717
3050.0,51.2294747631879,2.322912895190718,4.072020473343473
3055.0,51.30713134608045,2.3157214512101607,3.9927016083680025
3060.0,62.791723686133366,2.2420484860957557,4.397410599643022
3065.0,46.414145638242104,2.569830267736882,4.669788249750677
3070.0,60.23487465820361,2.3131328352554763,4.173726480969328
3075.0,50.39013670257244,2.106374945688037,4.873588650578792
3080.0,37.791963017577295,2.6600320306398997,4.371444284102102
3085.0,40.922156413648224,2.42893008582972,4.788494076197057
3090.0,50.38299277509843,2.501638379460967,3.7068965674390464
3095.0,53.145622895506904,2.3291623429483463,5.638413402411272
3100.0,44.79054573951017,2.152580351971613,5.04094876701129
3105.0,40.724508067063695,2.223631273871153,4.734826553770472
3110.0,46.583754415587606,2.207025233667518,4.414255699276078
3115.0,58.066395939090405,2.318878384221158,3.9720486044828736
3120.0,62.64673457903243,2.08011427435796,3.9093842448450813
3125.0,50.35993549711569,2.099965362648797,5.222215904211284
3130.0,54.36312378501048,2.4431124994989113,4.874747971409128
3135.0,48.263411303713355,2.190276306499512,4.448426127015179
3140.0,50.854979979503476,2.3504295728177724,3.9689414406317343
3145.0,55.109398345735386,1.8808600163541103,4.295250037576022
3150.0,51.91792475115955,2.4416393543373465,4.469042926933457
3155.0,53.01481957679085,2.2241690019982028,4.37445862966094
3160.0,57.10445936597297,2.3927821639344042,4.692293327615951
3165.0,45.171450048356256,1.7898732837183895,4.661595195097894
3170.0,49.305375807477745,2.285178710859159,4.160268920388342
3175.0,48.62235631215937,2.4857600491270797,4.152580340202028
3180.0,50.39892141882938,2.3101968114705156,3.9891195185499906
3185.0,54.42897093502111,2.0262721388168417,4.770800163784854
3190.0,39.03339211301987,2.1438337355136583,4.709769200036011
3195.0,53.43932840897113,2.7010541283324594,4.7810817906686855
3200.0,46.53155320238594,2.116801451657377,4.639412321444468
3205.0,43.054349126769864,2.1128968232424428,4.829773699431336
3210.0,48.94113422427743,2.2578716787096496,4.492664174680317
3215.0,48.12298336110828,2.0635041121768376,3.411555960778886
3220.0,46.60750567587715,2.260616335399624,3.993725232383907
3225.0,57.24488553880669,2.4006425609973188,4.388689955739107
3230.0,41.82428190209001,2.156427372333004,4.557697257706716
3235.0,47.61825241442942,2.3434525553779855,4.542356958084309
3240.0,56.080748513228,2.486911939835579,4.038197300365775
3245.0,50.988925022955,2.243915555634897,4.203008011397952
3250.0,48.33481521341105,2.1602656505080953,4.54946533480844
3255.0,48.321289610762605,2.040027638235709,4.845361193471215
3260.0,47.42228138281607,2.1211409847997023,4.739683684604016
3265.0,48.704094411406295,2.440207847048307,4.983184935608253
3270.0,43.50504307012937,2.1988206556332868,4.214952594350402
3275.0,45.52763120878255,2.2099815656221304,4.249440416742046
3280.0,48.43596856245401,2.308097926593392,3.696407988575081
3285.0,47.581902799945915,2.1969113436220495,4.09319025455648
3290.0,49.67730203791001,2.3332214134571134,3.820088754890174
3295.0,48.935595898171364,1.9447631891518866,3.970408242480722
3300.0,54.34925201810251,2.1311839994134782,4.513817844322681
3305.0,46.536897175948226,1.921366477106909,4.398108801343579
3310.0,47.140969382539836,2.5213958146538564,4.917767444406995
3315.0,52.89577775626191,1.9869943915830726,4.518240181473116
3320.0,49.443517770708205,1.8168195852286981,4.273965544435169
3325.0,62.184199723364365,1.932463232076313,3.6451293550003667
3330.0,43.05286152399643,2.256854971692563,4.528826264862645
3335.0,48.04482997618616,2.4867572223039747,3.9023315997081336
3340.0,55.01798197456764,2.253799902238771,4.626800243911089
3345.0,42.19550735790284,2.408612958546138,4.001797910124039
3350.0,45.19291121298259,2.0962665363202406,4.161596423756977
3355.0,53.400464178304254,2.257203694385134,3.691551527234127
3360.0,53.90923824368315,2.38233602914906,3.5001268147706597
3365.0,50.12437397796531,2.2259512613822623,4.504505467702452
3370.0,59.22218336422384,2.1617111094833805,3.4925470890145713
3375.0,43.86875519405639,2.140830100056436,3.843236589168655
3380.0,48.633959234341006,1.9347912265945109,4.729693268278806
3385.0,52.29026310923438,2.037621322817662,4.255735163145939
3390.0,44.93468542685085,1.7999285888118197,4.718670164777755
3395.0,59.15044973953051,2.171304319523668,4.813771784131413
3400.0,54.42011911984851,2.3862605519677165,4.175697173183853
3405.0,36.622836869293806,2.1771325648409743,3.687451071434764
3410.0,46.00936653397165,2.106719152832942,4.7557408640353644
3415.0,53.14546521052658,2.41757923641758,5.048696027042837
3420.0,48.52392064853558,2.0406660405168844,4.091883621558404
3425.0,51.095977140607665,2.1750305058285937,4.621098201123258
3430.0,35.273044378104615,2.6053796491795556,4.789962972655936
3435.0,52.924003295320915,1.7454145059171777,4.273467966559939
3440.0,41.23060484953972,1.970007373783976,3.887416214902456
3445.0,52.81581452720423,1.75647945616035,4.683798298224099
3450.0,43.05211187926857,2.3632405420688185,4.904063903772419
3455.0,43.54418901638954,2.2105226717301205,3.938364649782262
3460.0,53.48661611970901,2.109597530259095,4.804223943802548
3465.0,41.462280274082154,2.1719393425747926,3.6330062353599097
3470.0,53.3841485321865,1.806436938886297,4.96094018134209
3475.0,38.21785193473873,2.3908447645878472,4.139807141473428
3480.0,51.80105973312794,1.9352357569022607,4.408329728002326
3485.0,52.36525325865617,1.947963663392571,4.442640534126436
3490.0,53.034888733555434,2.030215229361556,4.419598102307953
3495.0,48.708698483646195,2.182234719825682,4.74139214143038
3500.0,52.34001172624772,2.4317044511178336,4.15718613070139
3505.0,45.97588509379633,1.7483538471359625,4.423145786977121
3510.0,45.274965106786766,1.7526932123342047,4.223380337751445
3515.0,55.91876117573588,2.1406019282437363,4.162769090287711
3520.0,55.21134830123708,2.4383525998545617,4.949853065076783
3525.0,50.914349457203144,2.2250797670846505,4.341079584779194
3530.0,40.830169575757246,2.0965602527412504,4.774646357952083
3535.0,43.780299664744824,2.2528949986959317,4.332192487162518
3540.0,44.27350181528246,2.234319878143321,4.92196779576904
3545.0,42.73608426733669,2.2132093057401145,4.318040181009327
3550.0,52.501572675839434,1.7454312305203934,3.9189031845922204
3555.0,41.7458032387002,1.8979314478002733,3.7005788614667314
3560.0,43.91148262981896,1.9366537737374672,4.709637682030841
3565.0,50.153173301916084,2.4060620796377834,3.429781193083257
3570.0,43.96935773862382,1.7261963199567005,4.897535439532428
3575.0,50.771349487166745,1.8668515340754637,5.01072539363846
3580.0,50.78076345283023,2.2329164672205746,4.933271543440801
3585.0,52.3897231813934,1.933093545747616,4.7602820904937655
3590.0,50.40223717353213,1.8372496196504702,4.584355730806715
3595.0,45.67353468790749,1.8638676450304215,4.452259540240345
3600.0,48.935909892513436,2.263293828491052,4.855710509991217
3605.0,53.58203787165325,2.1828431137964284,4.354490717032226
3610.0,30.555751524294454,1.8988919814521017,4.461027324671091
3615.0,52.74091314089932,1.6956367497683207,4.129859489957583
3620.0,41.6704580458745,1.9005257247596337,5.06607211568377
3625.0,56.725452429374904,1.6518386322779388,4.763762312452481
3630.0,37.4509701046081,2.040878965245869,4.536670491547152
3635.0,40.546794825189465,1.9100217301588223,4.608255690488269
3640.0,52.00260215652131,1.8346378452252903,4.0511463252605235
3645.0,54.62544844427977,2.1960253830913503,4.3278224255159286
3650.0,45.26623369853877,2.2444611780827253,3.9134502878330903
3655.0,47.5817770244566,2.0316325149714074,4.664847384742917
3660.0,49.46080136228925,2.293114081230927,4.178193535776226
3665.0,60.391047762174374,2.157510202126169,5.06593271027156
3670.0,37.926320518103395,2.2186064461196833,4.03023740624301
3675.0,57.5184334306361,1.858327201750174,4.52246075832368
3680.0,48.00955206989561,1.909162348649105,4.493234631071375
3685.0,47.6358893487365,1.7995909582024205,3.881476445356216
3690.0,47.83163834528943,2.3353870556751497,4.3292369938097055
3695.0,47.56535940162778,2.065704513687426,3.9974144576459216
3700.0,53.14380938605399,1.9860915845036191,4.542517889482675
3705.0,35.58284689595774,1.8228505517516413,3.782761026703927
3710.0,47.18433289305481,1.7806543045946757,4.372463408525529
3715.0,40.54510696129586,2.111971943624631,4.370108060819377
3720.0,47.80513404001037,1.9099139991621277,4.401801413762973
3725.0,49.54555205461821,2.3562101783451745,4.53297297234981
3730.0,48.07987886178842,2.031809753193212,4.1228450986748
3735.0,46.66530868240247,1.9261531784773247,3.710918707670288
3740.0,55.12208149222482,1.9869524859202434,4.2613197648274035
3745.0,52.070069966760876,2.0461493063509004,4.468840438987276
3750.0,43.72229949004931,2.213909555698793,4.585773787042346
3755.0,46.22242605558258,1.8463141643942371,4.166670361407732
3760.0,37.368299943226695,1.4536970263767726,4.113916149402774
3765.0,50.72063184113113,1.9759924469428494,4.484311084075767
3770.0,42.94057825317358,2.2843100880906757,6.141102107050952
3775.0,45.96524539880252,1.7430069324732038,4.437230592975693
3780.0,38.76480412106322,2.1968994213229323,3.925173983636119
3785.0,37.73250319016874,1.9848697054396902,4.186220867782314
3790.0,54.36686690487131,2.0302663912207137,4.639128816170619
3795.0,52.41076141683031,2.163938150422585,4.652223417377119
3800.0,36.253955964875885,2.0990394105974777,4.564463291022896
3805.0,45.385942079501795,2.11295949604756,5.0209191818561845
3810.0,51.72886762819625,1.8604395096515836,4.276643031693544
3815.0,47.792466263539104,2.041534657670231,5.200374699894082
3820.0,43.05600584454527,2.205348953060039,5.104251329942094
3825.0,54.78198996528113,1.8714447859312597,4.606899032298897
3830.0,54.14811845408458,1.8891293808596872,4.601558638665911
3835.0,54.24723309276901,2.513727542133462,3.290892991911278
3840.0,43.69886260435321,1.885077391253594,4.973017890284702
3845.0,53.90417711805415,1.7215972094510374,4.783385085597597
3850.0,42.11096774121173,2.115298530243272,4.3873768767660755
3855.0,52.297746611473414,2.1217750029636293,4.75445355340109
3860.0,37.821211782304374,1.9627851032207309,4.380666411098907
3865.0,49.49771330406179,2.1093910548149353,4.815245187239141
3870.0,55.63278357304111,1.89803016541122,4.533919362557445
3875.0,43.286076551798764,2.2820516243547937,4.073061314298163
3880.0,46.02852049062495,2.0178880518142557,4.890576808745703
3885.0,38.58364928832342,1.7888300458200488,4.680147990749058
3890.0,43.523374430731636,1.8239862134361784,4.3528843062440385
3895.0,50.31274219482433,2.0159571318607736,4.296346971589157
3900.0,41.0213590888163,1.9857458255043072,4.663182230894197
3905.0,37.01675523156222,1.9998882272634235,4.08650155952631
3910.0,53.98597401341928,2.4249955497866127,3.645990971125708
3915.0,41.69403253997874,1.9339295251978108,5.034665966087893
3920.0,48.96710256782325,1.8515504072895788,4.4894887424215675
3925.0,44.43534977896763,1.8275626155864133,4.661825847042865
3930.0,48.58944069833791,1.7455893892869598,4.768723092255291
3935.0,35.622073161843815,1.8087728093086022,5.093676454467288
3940.0,41.78446333620317,1.5716846183167466,5.0686410151341805
3945.0,54.87579773733532,1.9374368404771531,5.087390492980177
3950.0,49.32369504102785,1.9819769572465975,4.2747493682830076
3955.0,42.87939309355739,1.6259442642286945,4.788970028096859
3960.0,48.8930827916958,1.5303552043117157,4.262870170343076
3965.0,44.646901644390795,1.572298890764534,5.359024429643963
3970.0,50.30883791230648,1.9232986060406225,4.9933739734662765
3975.0,45.55666241127824,2.0672471204809333,3.759669948074189
3980.0,48.31093338873995,1.8985990885368733,4.11874453870265
3985.0,36.62025438839694,1.9932556629574076,4.666556673693521
3990.0,54.63858530151972,1.8839758023087996,4.139389100355666
3995.0,41.195414667622266,2.0522177793025547,4.734813288142835
4000.0,50.769835255619896,1.9666356241184015,5.096176564842943
4005.0,57.367724012722974,2.1401099080322274,4.3018417075422635
4010.0,52.73571199409123,1.6132363218718195,4.854949615151906
4015.0,56.52405141618397,1.9781999736260678,4.877992646063098
4020.0,41.7582057680741,1.8675797264461516,4.03545902452725
4025.0,47.69004913752222,2.0106468474998613,4.91573245273285
4030.0,35.48601782320699,1.7523517231021608,4.916033915794252
4035.0,49.744538472375275,1.832504371916559,3.9435869126616967
4040.0,41.56119192723097,1.9857638584908548,4.6087199416809295
4045.0,38.528085401101784,1.8732326270572133,5.025099392776237
4050.0,41.224781450901375,2.091211041501296,4.897802478216665
4055.0,51.57991811310988,1.979565401688945,5.168584196231132
4060.0,43.93490326483213,1.7739778966929591,4.840661533864555
4065.0,57.080746801584255,2.062000544988946,4.657788043679294
4070.0,47.29835189580192,1.8235242527042117,4.483757953183773
4075.0,49.43019353669216,1.9248369242188446,4.9350647992160415
4080.0,37.40061484655588,1.7467066382513894,4.372612529835587
4085.0,43.527940942470124,2.1333158564259214,4.395623968112379
4090.0,47.75218314221219,1.979806930605608,4.220952791515293
4095.0,51.693147059887416,1.4064683384514476,5.05252182081885
4100.0,35.31936534978576,1.7311644184911836,4.964253486618704
4105.0,48.897559036858866,1.7642164093463266,4.232717888693266
4110.0,53.07693923268768,1.7368403768112821,4.6562638776719725
4115.0,39.08081012318459,2.1619992166443183,4.667290144596061
4120.0,43.401058032567704,1.4815579784166382,4.958392679919305
4125.0,48.374379723579814,1.8008849391973303,4.168073572647015
4130.0,55.448514075359775,2.165973675833667,4.6672291532054
4135.0,38.93813873113844,1.5658013605634988,4.63433315836188
4140.0,40.69856159066755,1.9540426834475413,4.519538766016003
4145.0,39.608954154890924,1.5813086050150735,4.45650796228108
4150.0,37.66925210144492,1.523364929003092,5.222972888361001
4155.0,46.42225488631388,1.5959701277873384,4.766527175920347
4160.0,35.65532032706639,1.8579811626692444,4.820045025773376
4165.0,35.04586415146596,1.7057355656867113,4.532369364417959
4170.0,46.65562845474451,1.9368422734290232,3.8884920943787202
4175.0,55.10483339507269,2.4205558546058294,5.334595960800558
4180.0,34.679343473548684,1.6847624983696166,4.717361575888538
4185.0,48.29238881487819,1.7733905570842,5.0164847169977875
4190.0,43.05245195703558,2.070173004043335,4.497932119177652
4195.0,52.25175520834552,1.8827493051530397,4.1985653054429175
4200.0,37.418160695159955,1.748207898193642,4.743464441533891
4205.0,41.56669008492676,1.9617190205683384,4.123311175016328
4210.0,41.56988093788941,1.799335107763545,5.209448301928144
4215.0,47.424757570466284,1.844705004105989,5.191616903897818
4220.0,46.00599193072302,1.4537644275404586,4.60079767855206
4225.0,40.988922198428305,1.769766221155177,4.931277128991669
4230.0,42.461178320950246,1.8844489850993766,4.611203566558279
4235.0,42.62261271748501,2.248165611897174,4.972520242032808
4240.0,43.12858820794982,1.7977750150032812,3.8581492559904835
4245.0,47.09982086320685,2.081490278487702,5.103609049227147
4250.0,33.588839238881064,1.590844601278748,5.114344417888295
4255.0,43.87861013510994,1.6241425048884488,4.106973736794266
4260.0,45.61953112734473,1.5052181658303072,4.785484388751501
4265.0,40.5070824631288,1.7662062997918373,4.7046160894711235
4270.0,45.89125931438324,1.3896020267370133,4.362356433417573
4275.0,38.0725681807387,2.0647719587882527,4.80739049211717
4280.0,47.56464630283913,1.6797434423270012,4.2148586982516285
4285.0,39.925675301440805,1.7456146030746114,5.184093738735251
4290.0,38.47740295071338,1.887700092461294,4.403335973533483
4295.0,48.27604041658736,1.5971336972674415,4.708742382801375
4300.0,43.91233176851335,1.8083010955568082,4.786757989188153
4305.0,41.29982359275008,1.761557197761079,4.269783771772269
4310.0,54.61597739554779,1.5287880414082262,4.55235210006484
4315.0,42.796523335524995,1.7256496812195503,4.703903293325078
4320.0,42.55479066508081,1.9926984769304679,4.355805565286324
4325.0,46.20366034620117,1.9274868135534127,4.468655308439566
4330.0,39.84621193066247,1.7320319977550074,3.790837633545075
4335.0,44.735391462066815,1.7076710237727288,5.197241704638061
4340.0,52.79699176372644,1.800689320749616,5.370544110201767
4345.0,45.1667406835319,1.9227360109278837,3.496648320450743
4350.0,48.441357789073656,1.5416436400052322,5.264007466262561
4355.0,55.839678476613884,2.0935726001731085,4.632043573917854
4360.0,36.23018506642345,1.801518435258656,5.016547347505477
4365.0,55.06740382842393,1.5756511324780906,4.9075569377375885
4370.0,36.48961828254556,1.60854918632299,4.280507607275208
4375.0,48.21683441017179,1.5722966050735758,4.688344479138886
4380.0,33.13705500735795,1.6285795344433602,4.474616875090436
4385.0,45.427582857813626,2.060070695524559,4.689291642030641
4390.0,48.38498334448306,1.98916242515336,5.566252221200067
4395.0,39.14768818032562,1.5482693456351146,4.851244957446326
4400.0,49.64045727651298,1.6994222091755244,4.36391273059195
4405.0,44.42997808444104,1.5657843108802145,4.4894171998585675
4410.0,41.563666924047936,1.7265161821279165,4.981368718304871
4415.0,45.62571950972298,1.373657869379896,4.854409215699192
4420.0,40.61556781999794,1.8408148988218935,4.762718793962336
4425.0,40.353212167444276,1.457286979735167,4.251337644487211
4430.0,41.293661366519224,2.0029208522599187,4.6875517933332365
4435.0,41.026115099492834,1.95762385194096,4.506888870590691
4440.0,37.42436844148422,1.1998236167949745,4.667260891437301
4445.0,44.29220585788355,1.9868958248903996,5.006177667847311
4450.0,39.76582720973876,1.789347262067555,4.552138702963462
4455.0,47.86678657340758,1.7812294172675012,5.169996364556358
4460.0,37.463910476533016,1.8307682072029807,5.175195046818774
4465.0,36.3981508750765,1.7075015203769046,4.8176749102247465
4470.0,38.50840877368029,1.2163820221127284,5.040311454529573
4475.0,36.97470265546879,1.373489952163728,4.377424299032787
4480.0,41.056076524069255,2.066424122870776,4.421153119209083
4485.0,33.68694110687363,1.7538283401589412,3.8152167589111787
4490.0,52.10543082077134,1.6846109293087785,4.6894747004502575
4495.0,36.52485488987767,1.6170735526240454,5.6328488665828695
4500.0,39.942781893814015,1.624568235530365,4.531062948632737
4505.0,38.41618558960887,1.4546178258423226,5.636134043947824
4510.0,39.959528314956515,1.526716024803389,6.168474843994314
4515.0,44.779819340018555,1.5854255180707875,4.356636528025324
4520.0,39.890105469258515,1.3671860339138004,5.2454241803435435
4525.0,53.193911323362514,1.2422686921711363,5.188228783403137
4530.0,44.4217756881047,1.217589706214723,4.904604611599647
4535.0,43.39752649805736,1.8197148115420168,5.280481248101645
4540.0,39.81433106840938,1.4915206124912228,5.033702326147825
4545.0,42.53671783915704,1.5323020712434186,4.276503650110493
4550.0,37.369591777009916,1.519934570752649,4.63227249662753
4555.0,34.80043436717081,1.8711619063042442,4.821710174003607
4560.0,48.10783071073937,1.4505557681052879,4.626559828270486
4565.0,41.52063412686132,1.421849650130936,4.889321804674844
4570.0,49.069574071993344,1.3995914002403427,4.338169317564847
4575.0,41.684884739645454,1.375526857932532,5.554782043248679
4580.0,55.092547418196716,1.5594394359423192,4.343662784876106
4585.0,46.49804977327136,1.9281068044666583,4.631016516104573
4590.0,44.67995265179003,1.3684047231730023,4.500773447380436
4595.0,36.179091266466635,1.8239689423047796,5.4445933325151294
4600.0,36.30467724367522,1.167239488570683,5.088762607668069
4605.0,39.65117704010589,1.6904083572436124,4.7997150231850565
4610.0,42.2975777393267,1.5121977618109823,4.8900684908093455
4615.0,41.38819248341153,1.3679812641806945,4.379594444826851
4620.0,39.57832222138923,1.4926303194358117,4.8701930870978805
4625.0,54.3025625766485,1.5359060287064978,5.174448633089668
4630.0,43.68547041222708,1.5382923074560548,5.249507133781204
4635.0,43.46941955532365,1.6608282933454552,4.761002435033458
4640.0,48.672674375535856,1.4756676872729513,5.136803559594748
4645.0,49.696647519064605,1.9423352865035906,4.642357290371771
4650.0,34.81056401268529,1.388877492207766,4.794077804393039
4655.0,41.1205895471212,1.5941239728323076,5.114157746084891
4660.0,44.71837560969756,1.3191795736382306,4.505963214603882
4665.0,45.22202368642254,1.6306322593002842,4.812105522407226
4670.0,45.4634255863811,1.385924815256869,4.993600266211153
4675.0,39.020254964229444,1.6819201354861275,5.655564545136744
4680.0,43.37882356732505,1.282886579996492,5.022605441881481
4685.0,44.84757752172348,1.5547533913428424,4.755390966834284
4690.0,51.93840785198248,1.745492566043734,5.361641361573509
4695.0,35.67150260468345,1.6798632015564536,4.541825400254747
4700.0,47.23508672427938,1.4209865315212575,5.716200276177831
4705.0,46.66480023920178,1.1480187782392122,5.235412371819363
4710.0,41.89298475037055,1.6609798283844224,4.8429195847941235
4715.0,40.74465620587862,1.3054860688681647,4.750703195018371
4720.0,50.99179476425114,1.8695859290634442,5.401608764287126
4725.0,47.03170077588538,1.5953714364881006,4.9476282696302185
4730.0,43.74567691522222,1.9747278845237823,5.346865043015763
4735.0,42.72124230149638,1.2182822625094294,4.513549570798672
4740.0,47.479135986031494,1.446204599270776,4.773468371653612
4745.0,44.865904245170626,1.7177189104838648,4.994581126643947
4750.0,53.74967582607102,1.5525303140480042,5.295090311943371
4755.0,46.741730772682295,1.7073310754641453,4.891924534145947
4760.0,39.2070344830279,1.5783595215668746,4.664847346173326
4765.0,52.73517888310865,1.4164502169404194,5.370396264017871
4770.0,42.39079178635835,1.634642654749089,5.989032261268142
4775.0,42.15170078279765,1.387250917902496,4.377040789659048
4780.0,51.59921884129042,1.616809083347153,4.723324087153478
4785.0,40.83185132162466,1.6586840824560152,4.599398847170153
4790.0,44.51370479149763,1.2714845283404197,5.865773929506588
4795.0,50.906348716011784,1.34743789995388,4.995098963295596
4800.0,51.56354811841564,1.3869532065048322,5.221498903318676
4805.0,33.37513878232145,1.7121994668733023,4.961844928937485
4810.0,42.717488994160135,1.1567307805660123,5.397947969081443
4815.0,49.44050435644059,1.5139440280962626,4.7516535705796334
4820.0,50.77772872160554,1.5998536324584889,4.734093950908438
4825.0,42.73137479296972,1.6440815274245115,5.1547554944881195
4830.0,42.21844024255065,1.4147716477224943,4.741247576551205
4835.0,42.76912827413103,1.2908279232204651,4.404721671654797
4840.0,50.61548191727168,1.5695474374476721,5.113131473561259
4845.0,47.0758770012335,1.1207420842953,5.100515964130479
4850.0,48.453204200998016,1.3268373832854137,5.26863323270512
4855.0,50.40372626886537,1.556460901832304,5.427432048643407
4860.0,45.55723596854146,1.6085806929867847,4.518417866394099
4865.0,53.173368267008456,1.5028567449614108,4.254221615329276
4870.0,50.757233892550154,1.9014810203202421,4.889660582985004
4875.0,40.249337746485224,1.3188417049895076,5.231691229724141
4880.0,40.95542314762214,1.3792531769593757,4.330326407988232
4885.0,51.14158740399731,1.4201506108571749,4.641223490636486
4890.0,41.54438104756266,1.3327885158360486,4.561081016522266
4895.0,43.80270522564744,1.3310534466481663,5.072279623690997
4900.0,39.0065223082206,1.7764150763659032,3.8555891931364563
4905.0,42.197480948061994,1.4385130430858708,5.600767263117464
4910.0,41.04068893287761,1.9223490905414462,4.867799388316031
4915.0,43.15725290031788,0.899099559939703,4.388021557833157
4920.0,51.37503153157324,1.458984429553812,4.765334025299692
4925.0,43.16794767870233,1.1843061852369743,4.43879152947515
4930.0,43.54095171261779,1.063310631934877,5.737566764391614
4935.0,41.12860841455962,1.004385471931944,5.111077556685823
4940.0,40.867163434629965,1.5972654770851014,4.674932716171922
4945.0,46.71520815506591,1.369767263708252,5.404809454642394
4950.0,39.17998350801873,1.2725197808914188,4.973934952109535
4955.0,34.64247546757018,1.7726805093044962,5.414962397233544
4960.0,40.460750441387745,1.321568922324874,4.58392365316447
4965.0,51.18275456297908,1.8134164127307013,4.555071085144438
4970.0,45.73797569373495,1.3731246950417275,5.274357645160912
4975.0,47.35112566812491,1.272254481939599,4.837518130520269
4980.0,37.779965939399744,1.4199398645874475,4.932217677698665
4985.0,37.19319380471136,1.9358417003208213,5.221388612615256
4990.0,47.90034306408151,1.0913059131995517,4.560292184721169
4995.0,33.95727909716573,1.5384891141455284,5.227218235235512
5000.0,45.83234412538082,1.2785360131613253,5.347104843419628
