hour,SOC,DOC,MBC,CO2
0.0,76.19891127182049,0.11820216969688652,0.16548630462000835,0.019710457858203752
5.0,71.0435820091526,0.6506828771808797,3.0813522393947914,0.041936806644999707
10.0,75.39651994089459,0.3761623386666733,0.38498330315498075,0.030042280432329243
15.0,76.3019559356938,0.0001,4.578745626371247,0.010797597512758658
20.0,74.0705667521133,0.2989315630655178,0.0001,0.016234277033311248
25.0,76.47508604859175,1.092417341652021,1.0089599547691328,0.02261944996642452
30.0,70.60224002995737,0.9406791011012874,0.8409500532089761,0.03984347595303654
35.0,73.18921960366306,1.7577611733412266,3.3208248122510287,0.021710334896457063
40.0,65.32433103147551,1.8088751617426198,0.0001,0.011894912944517874
45.0,66.32220737859927,0.0001,1.6915278722084786,0.012450185884479726
50.0,70.19364598106688,1.836339898898102,6.3784254274294945,0.026921256727751176
55.0,70.55019317773585,2.099944589861408,0.0001,0.042818180334986106
60.0,66.86284492517757,0.7107837696624335,0.2674756578330384,0.020969848519226144
65.0,69.69279892823958,1.6797130622933825,0.0001,0.008793911786863602
70.0,74.795177624523,2.044314900015336,2.0550629761867913,0.01476524578450538
75.0,70.33819098458225,1.8568433196970895,8.85466018208448,0.04002099729259566
80.0,67.23574568559219,1.6579355163227594,1.9952081349917523,0.036492257473079166
85.0,71.45651490006743,1.989528705381897,4.046293229685462,0.015095023512333812
90.0,71.94656038760267,1.686804349232636,2.3188244943901055,0.008667030901693297
95.0,65.33744941298241,1.0343987394063796,1.0072145432892456,0.017900853733273794
100.0,65.36265376802858,0.365522878076156,0.6267433932570659,0.03628687204058071
105.0,66.41146868476466,1.5709144699755115,4.305403658047257,0.03130430344741118
110.0,64.73911764970642,1.7513535598129477,7.190511224719716,0.012377972285540216
115.0,65.21689306278645,0.8144711970817582,0.0001,0.0063902421595781215
120.0,65.16910834628398,1.6792637455288937,4.655131406620535,0.017828348756124036
125.0,65.81606082292355,2.6226809056567992,3.2866295238604137,0.043967778146604374
130.0,61.615321269815546,1.8953401823149698,1.435532600092524,0.03025426255462012
135.0,58.55003096506213,1.0725673122342032,5.653949264282605,0.010800649067339699
140.0,59.94145958026241,2.571829313006326,6.1729402703512655,0.0064819446936595256
145.0,63.63644405657217,2.392660715786869,1.415660206764756,0.021526284046258944
150.0,60.13887223073917,3.1771926601317406,4.16726256088625,0.04223963315757825
155.0,60.43025480330086,2.8043426156146745,7.509761823237303,0.022738600998839616
160.0,66.34818651036109,4.331637616205521,3.4243149513852016,0.010496733984719741
165.0,65.89555511444966,2.77652589862021,3.1235214177723805,0.012647191555131512
170.0,55.46413924497756,2.4833080370067093,0.9433817911755764,0.030051442009023693
175.0,60.741420188698704,3.2871253112013354,2.2537390162491255,0.038008304958677276
180.0,59.707371222287854,3.5698946519138266,2.331594911506076,0.018698749541922667
185.0,53.28467196820889,4.518881267904103,3.4165208227852237,0.008127953888156141
190.0,56.101461315874666,3.464350354183671,1.0080645366555823,0.009913581751141952
195.0,54.83897002449501,3.016841220035823,0.6242023289850591,0.02931471351359994
200.0,51.34179661234596,5.145922068895609,6.062122075282861,0.03238795904392884
205.0,57.54500894810991,4.850935682080914,2.7967504950232316,0.015155167981515857
210.0,58.9704972706134,3.1819401393299063,0.2969018590169785,0.010115141230355259
215.0,51.22028234563803,2.7686016505294853,2.594545260033147,0.016008636416355908
220.0,60.04816696649029,1.45595908094029,5.251613596761246,0.03322203504721411
225.0,52.86040907068587,1.9585010318689717,2.3367888785326896,0.03162971789470924
230.0,51.689795112216835,2.7918318573747505,5.396373404167195,0.014017643099375907
235.0,53.69738025252251,3.4264413643484337,4.412870899587608,0.008695406091466334
240.0,54.11649982784039,1.8981594074099992,2.336434602800124,0.015427531358345797
245.0,53.399307375849695,3.755190653159324,0.0001,0.03630222008337025
250.0,50.261445337318854,4.7823783560758235,4.145991377296442,0.024755416155621327
255.0,52.31395001157045,4.8232887953600745,2.831403616206642,0.012137574033071901
260.0,48.59232202201174,3.9374405720712327,1.8005294036600925,0.008624890361329181
265.0,53.90823410497262,5.713490680153824,6.60628700858242,0.01806729574764769
270.0,50.00621154306375,5.231866110889191,1.8872615250065132,0.03969442874636499
275.0,51.33302029876897,5.357807409837039,0.0001,0.02291308247968195
280.0,46.24675686797964,6.119070221311103,0.0001,0.008418626721540446
285.0,51.46094149016013,7.016868888393321,3.1517659502743616,0.012108682587124659
290.0,52.95462489028499,6.585777120146849,3.5012869291185282,0.030580494798134402
295.0,53.658148968468026,7.389574740187836,1.4745649004595436,0.042875859971418406
300.0,61.146171150941534,7.742560459884871,0.0001,0.022067036221014674
305.0,54.7288212867425,7.0144872688818545,0.0001,0.00982907434651771
310.0,60.60543288130752,8.448882459866502,1.8193495009304694,0.015883355118413746
315.0,57.685800671563484,8.852701111488903,1.4518787029094127,0.04225707420657459
320.0,57.10129534838611,8.773824436969463,2.0380640027318537,0.046067196643296546
325.0,59.345797809749904,9.028083179193674,1.2888107984252324,0.01783738871941462
330.0,57.703898937133566,8.95037311940157,1.6602163383239312,0.011118588085191936
335.0,61.535247223081726,10.131122774227478,1.364969080398318,0.02225534119231666
340.0,60.920392382208036,10.599586922018432,6.360700093294982,0.047937092851608014
345.0,64.12518587509702,10.375317566740211,1.1405305238759516,0.043302354227401085
350.0,60.06316868238417,12.37708265175742,3.5160876286935014,0.020461272180849886
355.0,65.11643339244524,12.756935959787324,3.8573278508178195,0.019173690426570425
360.0,59.98867018913281,12.946687491419699,3.7517227370412463,0.026898942482127486
365.0,55.23695637416478,12.440699929199626,1.6455262329864744,0.054582288153365126
370.0,61.07178653491574,14.762970169386344,3.3050460936047457,0.03530068670001331
375.0,54.21404323204059,12.013420294250244,0.019958137571265855,0.01734483301351038
380.0,59.312219926994224,13.424763001512572,2.564958256799752,0.014783139323301797
385.0,57.05556496601892,14.838036542008771,0.3393062210509217,0.03341419478756315
390.0,58.28434325124029,16.10865116294552,3.1761834085785945,0.05583188697886546
395.0,52.984589578625986,13.739362447349272,3.9501327892133773,0.03131680169057012
400.0,60.69735468818975,14.763938885161716,4.293002532249157,0.010409519925988459
405.0,58.56790302492722,15.034342082761713,3.56145081592406,0.016022132817591593
410.0,55.81618008056617,15.010414455919934,4.087040656245595,0.04285115120109753
415.0,56.3654389878371,13.524783468090831,8.406512157037726,0.0575439981551274
420.0,58.63254997410615,13.263205583307597,3.865815758058636,0.024986446373727322
425.0,53.08828166745237,12.040289553732206,0.03230667619058636,0.007339528758885757
430.0,56.06203259999282,11.83711256975776,7.716567782533586,0.018254140834423324
435.0,54.20900111403672,12.883802686264216,7.9828106177549,0.047062405370298446
440.0,53.81611143274341,14.353990290675057,9.221643826586357,0.04998445470588001
445.0,49.865505626754086,14.93734035696828,4.5047598054863816,0.019047774432226897
450.0,57.52764792624024,14.964635378175721,12.497955440905026,0.008727545954227433
455.0,57.06407855804594,15.294717973668707,12.064470945506292,0.020750130659915243
460.0,56.0886826502134,15.518036225700758,8.642197791542676,0.05372227775769829
465.0,55.37194551173634,14.50724767365843,9.664339755095256,0.05082329871406008
470.0,54.61913912166212,14.832482096416264,10.020559469236897,0.02063168157691117
475.0,57.92110284246459,14.971401216760668,8.718602055041705,0.011379633460424383
480.0,54.779460864476654,16.41890588702189,8.711432344502818,0.028739091624154656
485.0,55.141498905488774,16.83800829295037,10.427191778276505,0.06264595197022291
490.0,52.155333459109805,18.128102568521786,8.129980502711774,0.04993032847863425
495.0,55.673898248354206,17.614398733146555,10.672569862456251,0.01737232208810717
500.0,57.76548191065779,17.381456635647428,10.413390235501447,0.013021834551261529
505.0,56.640602724121,16.853130582606166,7.9895619090136885,0.04124429527561682
510.0,55.50352319480321,17.932888530747185,7.194660621098288,0.06774220051311755
515.0,60.20802137500713,17.647075422984617,11.745589414609986,0.04339007620184098
520.0,56.26778462431973,19.45343782496429,13.651974122951774,0.022681732394117696
525.0,56.047575189613404,17.831205078507566,13.342670104781984,0.021631552291675706
530.0,55.948926129848665,17.479893047548625,14.688740311354131,0.0468231193566023
535.0,54.03653087464279,17.25666622774039,12.92228271047426,0.06809870818167464
540.0,57.87665041050008,16.014815693438088,12.808693135290246,0.03161281480573492
545.0,60.49960344188999,16.296224701759407,16.28251002688695,0.013100123922564367
550.0,54.51034533175256,15.745411757339303,15.874208881405977,0.02218503268437117
555.0,59.26582794666915,15.541311558050323,15.363142996147621,0.05399462296354603
560.0,58.149313712018525,16.60029609596261,14.75573507224658,0.06228983142952669
565.0,60.59815971488331,15.641990660575797,12.071283874368602,0.0251932744731822
570.0,63.34919857221129,15.865053607765532,13.63358088634637,0.01696998834809655
575.0,62.48610127588761,13.659291306475312,11.71821507816704,0.030322666661603017
580.0,62.916510567031864,14.84679979492608,13.454126461151136,0.06288920921045023
585.0,59.020613057249896,15.144560254583403,14.030283617988996,0.059071060384540186
590.0,61.73156845286559,15.54838307610145,10.53231518355108,0.019978276646361873
595.0,57.021048562025705,14.275792770169422,13.508719487620384,0.01497529272488487
600.0,60.1951963650271,16.647176332880942,10.96828180922557,0.031758352983360126
605.0,53.12393819972381,15.607574069460284,8.542826020293965,0.07002196170026814
610.0,59.536234778143715,14.220628717064693,11.942592514185023,0.04721549073288708
615.0,56.06952021372649,15.279467567115761,11.870661536430939,0.019638281302522483
620.0,54.81032989307363,15.494038051292993,13.315179382939593,0.016379806136457464
625.0,58.84578239066595,15.094943457470974,12.686678622576792,0.04255023312387417
630.0,56.393986693238936,15.182140842863028,11.97223095703301,0.06919890190526398
635.0,56.83237259704582,15.11277279012722,9.473918148488575,0.037211902155749536
640.0,54.413878446042254,16.01260437340091,15.908148365056933,0.01906043511329155
645.0,54.82305822835357,14.75179757233804,14.677692510812546,0.01645720261673858
650.0,48.37755202738291,16.143270761405617,10.748894749597332,0.04726457486750527
655.0,47.85004836337985,14.82443080391896,13.286583017532358,0.05972330938607744
660.0,45.403912788234926,14.628992675450256,11.597152583091678,0.027062624643167662
665.0,45.592458010475994,15.062676131392081,11.48320544683416,0.015107321187992852
670.0,48.44561076414353,14.275669777704465,14.555518832410963,0.021069640918663205
675.0,44.65694295486723,14.551688157794148,12.042368364314699,0.05331158894506895
680.0,40.96518198854958,14.584357750307479,11.680053406278853,0.05795676716046372
685.0,41.61653539629658,15.311305382325937,11.53513493377897,0.02321153978152105
690.0,44.409320659420914,14.367133136284925,10.661207700002844,0.010126213805908531
695.0,42.234982165269784,13.490408368403356,12.423960170258182,0.021225846964794993
700.0,41.58598705604371,12.235454083660231,13.425856465188012,0.05347841229696729
705.0,47.727853502254355,13.603759437663896,9.993540606561645,0.049373468662551635
710.0,44.085968245093795,11.735526111129936,12.727102631970334,0.021478307639440145
715.0,43.473840848767246,12.551567578020782,12.005312406160664,0.010761056379084408
720.0,43.2663007293356,12.004284070054071,15.262561655381898,0.026586109263008254
725.0,44.31930166673871,13.358763892613238,15.069135696118598,0.059422689339552574
730.0,45.369080517817466,14.012570419841909,12.277661817173598,0.041948205064234655
735.0,42.37054172837101,14.363997905922144,13.50046880729788,0.02114822886220687
740.0,43.29172534758051,12.453910586932608,11.821349790467277,0.012596265374984716
745.0,40.89876073661091,12.979823833580253,14.136829097079795,0.036311021092381913
750.0,39.69743972564558,11.870842533859179,13.257511210287397,0.05686001120107717
755.0,38.63799244939183,12.68828783252968,13.096260395071077,0.031738698556388015
760.0,43.689402413370274,11.345870777314722,11.390971544182744,0.011992763812065595
765.0,43.10325252768362,11.396612466757734,11.977449152286843,0.019189238136992245
770.0,45.79275113856707,11.732722554064548,8.224447832654405,0.038117043484505946
775.0,43.09473682778541,10.943481126095001,13.599104869250061,0.05497400835375045
780.0,40.108087692372166,12.46808369491926,11.388323708965657,0.024390438042904736
785.0,44.4090649764433,11.16479471722544,14.480241438046185,0.012702509530655378
790.0,40.75108073259845,10.77764248679794,14.769074283888134,0.01696892598544129
795.0,41.93594784795628,9.510712567705419,11.433608337591425,0.045562433866442445
800.0,40.597508159995044,11.318764787949792,13.356228296005844,0.05244696336681684
805.0,42.72532987570304,10.221077685945213,11.841017623593507,0.020021474050412914
810.0,38.28860965405455,10.12880663262047,10.067116481343296,0.011107220659410102
815.0,36.295343134303245,10.479170409202347,15.225424913523204,0.02065905124259955
820.0,37.33387490947052,8.233236249164314,10.588171199599634,0.04601631429154803
825.0,39.729624443776046,8.527056951051593,7.35110546515077,0.04020991722815285
830.0,35.4871539129831,8.139546838193512,11.27500744838115,0.019801987838799603
835.0,38.49337802500197,8.979243060532431,11.781152892554655,0.011594973460105379
840.0,36.26329652482775,8.666766405376352,14.249787636835707,0.02144110966600773
845.0,31.506900417719056,8.73381829122406,13.717166408856873,0.050341802695375464
850.0,43.41448014453136,9.080662598746034,12.868312887587377,0.03436450412652949
855.0,37.18532103809291,7.6801944886560385,14.91630175607882,0.014484127334560285
860.0,35.91415060532552,7.466727987945071,10.641847230689374,0.015901975856571323
865.0,36.4516709926389,7.335079114136633,8.681083347692516,0.02900688871927318
870.0,31.558516356758172,8.219548217044812,15.006406037686892,0.046029446695347094
875.0,31.162651827739822,6.230595485981719,11.9046943721591,0.029002774235129772
880.0,37.27718677949238,7.537042378000392,8.10268413829752,0.012802213489492224
885.0,35.06489500298284,7.076971713817505,10.41540936030162,0.01501635697269709
890.0,38.945032589700396,6.3911305103475,9.868088344646576,0.03203048526311999
895.0,35.996046538160506,6.384559090299068,12.698077196269658,0.04321036527971445
900.0,30.710982382946117,6.678739715149357,8.492831727589486,0.020973764040716963
905.0,36.678413118258916,6.594264766420728,10.433362343036576,0.011132918518913522
910.0,35.98847961034824,6.271104891895746,12.854385370007018,0.015556728485217648
915.0,35.81391888963709,5.567829778274429,12.912477976424212,0.03512996959748571
920.0,35.63984019184915,5.9017638616708,7.487862906962097,0.042279513558450686
925.0,35.003882407686284,5.629642503143056,8.764469442429196,0.023247835461092183
930.0,38.72511222600643,6.236704664513023,12.886316427897231,0.007429942350048385
935.0,37.16614076579573,6.617589196663033,11.500447904932614,0.018325653959606204
940.0,34.30554051939513,7.370651803722151,20.687022774621536,0.046858250548047556
945.0,37.50288421382245,5.9898007514706855,13.916964989071728,0.04716814478048614
950.0,36.88911710216869,6.268523303186148,16.036314181284396,0.01633530456487568
955.0,37.33766089496781,7.199937764004847,16.790262180535052,0.014308518399761593
960.0,36.59662037474775,5.25378035523728,13.592703979378499,0.025012903937011617
965.0,38.11222987814033,4.722542009446628,17.552997210406456,0.04576309322364841
970.0,38.11350004994501,5.805960671850188,15.399701326434815,0.03432596624207792
975.0,35.52968395641931,5.179583000569944,18.61208048583835,0.015564875369356872
980.0,34.07382225312708,4.824049640836397,15.539896978390532,0.015294760253544865
985.0,28.709381314284116,4.380415654295965,17.838643355048628,0.027938815206220213
990.0,33.78686824275414,3.3060269230177544,17.689943868910124,0.04547375748654544
995.0,30.802837247496228,5.534222073989979,20.587690804475343,0.02556580808315322
1000.0,31.710185220277275,6.119993607978454,14.567706073783377,0.015172089246569574
1005.0,30.93748728204354,4.592651602466132,21.47709652646016,0.01364297410235905
1010.0,30.75573280626226,3.9205451638318363,18.327697195187746,0.034004423877559524
1015.0,33.40715150894747,3.7520111663260165,19.44177113119302,0.04875846683829067
1020.0,33.43019820251069,4.493179203446856,18.016392709270452,0.01821100578984641
1025.0,29.73760390221862,4.14063420836613,21.02222264350527,0.010632924129921955
1030.0,30.760188277745733,3.884909498675656,20.292809056292864,0.012468552154569023
1035.0,32.91695733262233,3.9247274530589267,19.730424300257695,0.036429975285199104
1040.0,35.891339364628294,5.863402878283719,22.52938328804763,0.03998896931064766
1045.0,30.492299720636737,5.589470558896272,19.15440092848452,0.01667124120586709
1050.0,28.241590105764196,7.374912908518238,19.4192872131372,0.014798174784861517
1055.0,32.802988315707466,4.318539120957799,21.771497684893664,0.022001113531904766
1060.0,30.56684379944393,5.294635134661297,20.771244862675168,0.049360879051017825
1065.0,29.912740535944597,5.417369682403468,26.757562275122396,0.042036269540599316
1070.0,26.918716503193675,5.106181716288461,19.132124380299466,0.011249560921263141
1075.0,27.97007573858441,3.5239360427236757,21.21126538403957,0.010760206425877427
1080.0,30.464206949807934,3.676499552195984,19.618661355931913,0.024252037476638528
1085.0,26.983478782813535,5.141097520825029,23.81986571434985,0.04936788148071997
1090.0,29.33323322657165,6.705010678340827,21.23955438640459,0.03766564805560372
1095.0,22.631722058320527,4.64300822565195,21.01194556944027,0.01294303684802018
1100.0,30.17407781996977,4.691035602066905,17.467863668336296,0.012999303963585609
1105.0,30.671882751905493,3.633613244238502,21.71012498364834,0.025843971409708007
1110.0,30.673247082788482,2.3535101113822927,16.927735991203992,0.045893291068109965
1115.0,27.471879488438812,5.263723593495873,19.380098471072145,0.024879015584909285
1120.0,30.369032368340118,4.955502385767671,17.923861658743277,0.01281384003472192
1125.0,28.414124161859796,4.54194491236412,18.790262013756784,0.013992530964525993
1130.0,31.704675371762693,4.759861218736516,16.10990278369171,0.03312737142742649
1135.0,36.27279599571861,5.00006510091284,17.771459252652804,0.04431630958364253
1140.0,35.5541110915351,4.107769546406845,13.800017094680452,0.025102665142145805
1145.0,32.05012716420744,3.5785059253507954,18.240535252553705,0.010344191420920707
1150.0,34.32764160553598,3.4946318632618287,20.926184670140632,0.01700323059700614
1155.0,35.67141309289455,3.0366370196789303,22.421258011211783,0.0401121399617807
1160.0,32.460273784770195,3.604251473054193,18.56348266542186,0.04447313625094994
1165.0,33.86147187464663,4.602632406885199,18.536809028292524,0.016120859604169185
1170.0,36.23815254697864,5.052848483394432,17.19642530983775,0.013222392717279409
1175.0,32.13709040701806,5.216387579080842,17.115137156021916,0.026523109071250474
1180.0,34.622452423394314,5.728097084274766,13.795905291059652,0.049548178611110785
1185.0,37.403324251822646,5.5247914070186575,19.572957187876362,0.04067288173047326
1190.0,31.923507676582787,4.669816532875867,18.443019500606486,0.01665334780818291
1195.0,38.165684336427326,3.7266255885422286,20.239794706642044,0.01790683198837949
1200.0,35.82533095421894,5.5786046861656295,17.85874230241234,0.024035839030417464
1205.0,34.124649628384695,5.076459496756172,23.777194656125808,0.051005353750608454
1210.0,35.52146248970906,6.814091463525289,18.893834626377625,0.03843951993634917
1215.0,37.30650977891524,7.640653995176509,18.92968926708044,0.01585411503103483
1220.0,35.45438260357935,6.173194945467055,19.561393083199693,0.014861214149198792
1225.0,33.40220783685902,6.328858750284057,20.887948223455908,0.03535617727024129
1230.0,31.515382839409998,5.593038201009588,19.592662610802975,0.055132556847693456
1235.0,36.17805502847086,7.712322393299694,22.25415377501868,0.035770699814643765
1240.0,36.62269980247915,7.422753362904517,19.86625161886305,0.009915819064688036
1245.0,34.37792939197772,8.132297183146605,22.464206927775336,0.018212802088997514
1250.0,30.37605463559779,7.844014716086932,19.4390474862786,0.04335693623372798
1255.0,34.59162885918106,8.01900114217405,21.09785684109066,0.0599831143668371
1260.0,35.101490658649425,8.565886302123745,21.751219059416734,0.03020884509934786
1265.0,32.218626971500946,7.219796734674231,20.950854304180325,0.01371195107048015
1270.0,29.546885598091023,8.769526571180768,23.523966261665713,0.022622631663864023
1275.0,37.2399664219252,9.8103281236755,23.873726618544904,0.052989690247495454
1280.0,39.65601800343103,8.57593345027755,27.676174356921432,0.06285514823471752
1285.0,39.809940645793155,8.126206184002971,23.45679718329098,0.02627164506941706
1290.0,33.533266127691014,9.033707328766813,24.790570801270068,0.012497678173888777
1295.0,32.36747740443826,9.789615743455569,25.030921086433526,0.03063649255536826
1300.0,31.116515042256534,8.758052741773168,26.390443067761243,0.05882704796845215
1305.0,34.22393288889717,10.324227860116501,24.9490270114977,0.050044367119973114
1310.0,29.411338956342554,9.254044767507246,24.83158594523575,0.022007721958676375
1315.0,35.154587827986354,8.43619673937328,29.448694375606244,0.015917269718131004
1320.0,31.015019303593345,9.2294759807098,24.883418222256196,0.032114122764905884
1325.0,34.48125862597776,7.915915309129559,28.578896935736907,0.06274960668283681
1330.0,27.594839221742653,7.616540876046316,26.43073087864439,0.04617476520774045
1335.0,31.690766330806643,8.264408460088898,27.33995635789862,0.019806869226403956
1340.0,27.92233458114452,9.240857504761829,26.411149977079614,0.0187561974806251
1345.0,28.545988102591174,7.425284661402678,29.251708461626198,0.042262546971179774
1350.0,35.3345703989813,7.450661103874864,28.834258464755212,0.06480717664983172
1355.0,35.361226564491666,9.597569104012662,31.849255183551108,0.03895138572544468
1360.0,35.79163253151585,9.521268224142041,32.17927413499722,0.01411519232135128
1365.0,35.7721420585728,9.19000503543649,28.690727227224826,0.020858095205982335
1370.0,35.8515514949485,8.984905840059273,26.350462213041464,0.04666396867055113
1375.0,34.4883711622014,10.117971925061793,27.820466491650684,0.06803407309216516
1380.0,31.34062245190386,9.575636674053285,23.976368761338623,0.03373886691589309
1385.0,33.92766133159482,9.92425457468488,27.308322275822416,0.014872295728654766
1390.0,38.55803052856583,8.073460363666953,29.227476909422272,0.02794783222068174
1395.0,35.57035100943109,8.231280576401089,30.253312587118966,0.05473157002600249
1400.0,33.77589388069004,8.23913855514823,30.25337389994489,0.06606839731576286
1405.0,32.70103948967011,8.146009749512892,28.235060519254912,0.029195108453647697
1410.0,39.01709483997529,8.93301776073764,29.348052240935168,0.015342573453726607
1415.0,37.30434908287295,6.958258115592551,27.510266870137922,0.028877706836664796
1420.0,35.0966333374012,6.679360295823744,27.461258585187256,0.059158064882860406
1425.0,28.351396589604583,6.469355249958085,29.623372926749095,0.05875185663135842
1430.0,36.84331555060836,7.164850848177994,28.767371492907326,0.021276675895382843
1435.0,38.40381863911893,6.465733074937091,26.531565813007404,0.01097899581498034
1440.0,33.94358479401109,5.728068262006413,30.69214278296726,0.03282801876668452
1445.0,29.438193704241392,6.054338231757537,25.001697523939047,0.06414862522186938
1450.0,32.88591632921131,6.035945323218036,26.949854036064895,0.04777220169358317
1455.0,34.45090211674394,7.079483759091382,21.83059048884064,0.020460088929366804
1460.0,37.91009108845672,6.1788133405704,28.07435925885242,0.018338642941689177
1465.0,31.623667875193497,5.333936814747046,28.620368203968965,0.03633659596056506
1470.0,31.252931089326,7.327635272559546,28.614360544108028,0.07175265049526232
1475.0,34.325577960642526,8.373825855045482,30.485592857976293,0.03908113289259641
1480.0,30.638889281031794,7.247697803875414,33.46953226944131,0.018510339293150466
1485.0,32.54489587676337,8.878997970472073,30.794833382308017,0.0250804903574349
1490.0,32.92721354357056,9.141261692781168,35.31064486180654,0.054115408405407184
1495.0,33.27745071181678,8.324163621613913,34.37619328718252,0.07163825943126745
1500.0,32.15652372952433,7.3493779356734965,34.626488515192364,0.033732590355003256
1505.0,36.081023020277435,7.752892159515851,36.07809850867733,0.01806519901075897
1510.0,33.70727269774683,6.630380673220264,37.71164319695299,0.027306280775846542
1515.0,33.471584311722054,6.38816249788981,37.914594018175954,0.06379450954936942
1520.0,32.652809220838094,5.84971227042829,38.28846350562667,0.06549500726125891
1525.0,30.76738907962198,6.3097885194465295,37.68814496758423,0.0299927775103987
1530.0,33.769626796874164,8.022709939495138,35.81039180447527,0.014694666502125744
1535.0,31.845377270692392,6.43087380710827,36.60929721333689,0.03526957364422138
1540.0,31.3658788405471,6.323467127805719,36.31570588355597,0.06603819036773335
1545.0,33.398612298479065,5.7396594548829745,37.98529583224013,0.05823673319099456
1550.0,33.63066734177449,6.236495200824655,37.55135530212721,0.02588569957025807
1555.0,32.00716342177323,6.883713118130161,37.078404566549565,0.014991204212883833
1560.0,30.53861718553837,7.673429509051717,36.88296542634581,0.03674495563373252
1565.0,33.759418587762845,6.337513272229374,39.478728476490204,0.0732236398826276
1570.0,33.504034855987555,8.029134408944252,39.48461582906327,0.049441090679547134
1575.0,31.487591945989532,6.70488702447406,38.33747261231722,0.019849812957663023
1580.0,31.637789339375743,6.396663260409254,44.537949278054306,0.022364963050324524
1585.0,35.00387238570228,5.216903645599394,40.51380591185614,0.04441152291700579
1590.0,31.90022698645819,4.797258648527651,39.31624847496651,0.07081633885623743
1595.0,31.244705413720688,4.853117262453448,41.658658507104796,0.04184766396304467
1600.0,30.654230994256245,3.69109868328337,42.830523638948435,0.01889057144617239
1605.0,28.36016590079584,2.974770212973448,41.91441569843672,0.020354874174985736
1610.0,32.934879421047704,4.406293953385837,43.22137730824544,0.04989580188108911
1615.0,32.09389179344195,4.006703159870303,43.91780187839839,0.07261500980729448
1620.0,29.641293878109664,4.2388897698489645,42.60884767948337,0.04065332594518082
1625.0,33.486252470372584,5.114428401720146,42.35818549358057,0.0218276209098251
1630.0,30.385634640740804,3.9703691521875744,43.43704614728306,0.02383013308830149
1635.0,28.602993539052445,3.191304861948906,42.14413705224696,0.05311802237844106
1640.0,33.52817544013588,3.943652415425464,41.10954661837836,0.05770962161812146
1645.0,28.147417684885916,4.515128483612273,43.999182760573056,0.031772433243093465
1650.0,25.892480141593374,4.5103405131879315,41.44951788866253,0.015550003613569561
1655.0,24.698766614429644,5.191811040011249,47.07895575209513,0.03055862298448339
1660.0,28.713214378534154,4.335991668552066,46.58004487451663,0.07069895985458509
1665.0,32.1793000098145,3.789834280997281,45.253540846440295,0.06423199839871238
1670.0,29.882142165627997,3.5016499595670325,46.45765963295406,0.024190761062325428
1675.0,27.334022732197063,4.550810229968421,47.63400643088697,0.018868518520226907
1680.0,24.235383733941823,3.2590721010439894,50.40605937096467,0.036824933866352764
1685.0,28.209267730710444,2.763500153828195,45.600236193569174,0.06999268624110566
1690.0,29.688792870718785,3.3582842690034345,48.712192964178634,0.05181678635788593
1695.0,26.595736020505203,3.313672569613526,44.297431775482224,0.017705290177033775
1700.0,29.070602718080753,4.400615279932362,51.88479144078629,0.017782245177643947
1705.0,26.302310313861415,3.717427146325557,53.081346360803096,0.046990809215303915
1710.0,27.459020697852687,3.1556881585521923,54.87834692601131,0.07452367891992288
1715.0,26.30568313035894,2.6527036326267153,53.16461916756855,0.044815495713228216
1720.0,27.900973474917958,4.61834425604725,56.502603639846775,0.021157683718193897
1725.0,25.49915794947821,3.028208625407898,60.113112096893836,0.022326721043299837
1730.0,26.963985079448154,3.6551948214000736,57.53153740903696,0.05516558686980011
1735.0,32.03061789671996,2.444659306817644,51.79942695975158,0.07511284470448557
1740.0,29.59178628387566,3.9766628388990926,55.907259643248274,0.03549383713940669
1745.0,29.93037313742341,2.9135528768781556,51.44609789223901,0.014173504186974792
1750.0,27.60670578847441,4.415506640191686,60.96589410724101,0.025362040329718654
1755.0,27.367753054663908,4.482663181067796,57.474356224557745,0.0676850692802079
1760.0,27.085964767206747,5.026290129405082,58.11558876331062,0.07612027152251227
1765.0,26.648699634078742,6.2003555872927505,59.55836901933539,0.03425387661522266
1770.0,22.59663620207774,6.547558945444582,62.13667095702942,0.0196116722741659
1775.0,23.50942551467666,5.193881096096232,62.465150595491586,0.033773112789031154
1780.0,22.48463996209219,6.2007453985340995,63.757129315861135,0.07705529405195442
1785.0,23.157178791479172,7.080352753458099,62.96295893105368,0.06524163277289688
1790.0,18.846046537310016,6.312944292795569,65.0789872058557,0.025251240022688273
1795.0,20.28382661079211,5.951967249391476,68.21042167682087,0.016072182006437924
1800.0,21.811190985553218,6.311544804585329,65.6822120752802,0.03919201427541335
1805.0,25.669124225137523,5.500346385875999,61.626474053597605,0.08251926453552784
1810.0,23.312410074560336,7.1756162307684495,62.9893425129966,0.060803929926179605
1815.0,18.40664980185221,4.683289896070339,57.892610666670244,0.02021153997687555
1820.0,20.837386311758234,4.98974612673811,59.89904429317384,0.022063583984021362
1825.0,18.192894732978125,4.774812569910645,59.11333244239499,0.04606704312901047
1830.0,19.787992581326247,4.718064353885188,62.84635851600847,0.0782520411844728
1835.0,16.808510019978502,5.944198534087082,56.348502303785665,0.04722763180566962
1840.0,24.393221602907573,5.420612936661404,57.244169854016846,0.01892594693704695
1845.0,24.165363247650845,5.5393766739059815,55.792035151449944,0.018962645596571605
1850.0,21.924756781722326,3.5872353845810356,56.435417119969976,0.054604579593313184
1855.0,17.353830696698346,5.586027010046843,58.7820901647785,0.07174299485368103
1860.0,22.024872160064273,4.603822042885891,59.88804296529712,0.040231117923501494
1865.0,24.093865453362046,4.183105363895302,59.745169989748426,0.020734879653094878
1870.0,25.74214326528665,4.067141257846672,58.93425173597709,0.02413366393013115
1875.0,20.46880275766639,3.8845947755063053,58.60159124906158,0.06626594342667255
1880.0,23.918766024778467,4.24137945031757,58.45328597059763,0.07167196527122323
1885.0,25.10190530218245,4.651829786040457,59.82653125796128,0.02941659946727687
1890.0,22.419827083921454,6.1953566212884,63.840882565506675,0.021019672941163584
1895.0,25.381442992895117,4.908881616093505,65.77465864175608,0.040062861194353594
1900.0,24.804887579435455,5.756636715131116,66.96184596339933,0.08526912855324617
1905.0,24.27069594143678,4.9423326633133975,67.35066892579187,0.07377245901019003
1910.0,23.855233444594425,4.76106349669389,73.23958114112025,0.03099217518060047
1915.0,23.453662995899034,5.135103581839476,62.86354219732744,0.023308111150551272
1920.0,28.760178288669245,5.149624259849673,65.83732716476234,0.041657715942361194
1925.0,28.125012684203238,5.291821864492527,66.80729468797972,0.08327921350008867
1930.0,22.195310404576137,5.548430312697873,66.75173879879962,0.06418202765590773
1935.0,21.804713321991418,5.5934072594111965,64.41514904293068,0.023687346466839468
1940.0,20.05784468491597,5.470144585688467,62.61862678618491,0.024047516837415853
1945.0,25.534215409849942,5.516519154356733,59.645989978748055,0.04983914873080864
1950.0,25.874687720937825,6.170983706725817,58.10071707061802,0.07743584760546508
1955.0,25.37929447249393,5.741016275107486,55.77538533884593,0.04649240798873827
1960.0,23.97081482531479,7.9365882681683715,58.02757928971515,0.021529434035088967
1965.0,20.849231031478567,7.023178195023619,57.975316437008246,0.027304247816925087
1970.0,20.517110213535467,7.356317645591263,54.541334806306885,0.05730880591641749
1975.0,19.718162984069163,6.848102911114699,58.95340094288896,0.07540957187531933
1980.0,23.12135323852328,6.524977527531428,62.147463974907744,0.039562041487941624
1985.0,13.191794661857585,6.510476665326079,60.32248277899926,0.022058710431838362
1990.0,16.222634531130385,6.781043454556295,58.013936745277775,0.031707702045323895
1995.0,19.268872552894894,5.275495388833986,64.11314866732923,0.06762432951405566
2000.0,16.649687816561663,6.738416268007583,65.03620112497,0.07486437084617695
2005.0,17.517902678657844,5.8351886997741556,60.73016316240129,0.032834821743637436
2010.0,22.299579354681953,6.341798659855204,62.46349473027949,0.015801173274972047
2015.0,17.87150607107904,6.087192821105029,66.06898478630558,0.03476923755688874
2020.0,17.226351557866533,6.3622532241517895,68.62988684225115,0.07216289556592302
2025.0,17.817530160593048,8.448358586994258,65.1459685522137,0.0749404516738131
2030.0,21.14136137194431,7.121311266391257,68.12028505143881,0.02801251304617768
2035.0,22.303642548395374,9.768985134521316,66.61806557842161,0.023742527702466976
2040.0,14.374928497921484,8.940423548385295,62.18758914045883,0.045072659766361475
2045.0,19.166757958497648,8.48579693604049,57.396948115866266,0.0837254322529936
2050.0,18.503883617051518,8.629657938117882,58.25258137406463,0.05754249846832281
2055.0,24.737776697621683,8.02439307245667,58.18221651579923,0.02659339824602251
2060.0,21.68509920947897,9.631260168163411,58.40984401956996,0.02437005727365012
2065.0,15.898410973760974,10.075298280408001,59.36899354457827,0.05375688638396382
2070.0,24.26956298504772,8.293609151356666,58.00296858159306,0.08472059351949231
2075.0,20.20311229790858,9.065305352720737,56.33275877170298,0.05383025545611521
2080.0,17.73751656006727,8.956306068009145,61.17902470116764,0.02001324173745994
2085.0,17.337961593909522,9.423512129934664,60.14042186925115,0.02738565300341015
2090.0,17.376859330808564,9.883095245308388,62.53164767979923,0.06180729219759676
2095.0,17.858035947778138,9.830691122045785,61.47355365002263,0.08502091572095091
2100.0,19.702344881069394,8.403807455292426,64.3688687758182,0.04005198180181107
2105.0,20.692522803994816,8.914776040517305,61.44135654017513,0.02308916620372587
2110.0,20.26764609046485,10.607896886468078,62.25509308697298,0.029940064768946555
2115.0,21.413355061766545,10.624092399584633,64.9894632068253,0.0770468279951032
2120.0,14.860847856117498,10.536609707763574,63.56042235377856,0.07645398462204628
2125.0,20.857081448426577,10.725713460472832,55.11068423611109,0.03085760888178509
2130.0,17.349798402605806,9.250603550713029,55.989517324583815,0.020057473300789615
2135.0,19.770652197834075,9.41734720894324,49.83782152663985,0.029245190504265058
2140.0,15.79606454749877,9.17600999486532,53.7795388436839,0.06454056154921628
2145.0,23.38283995719945,8.928095830286795,50.313091084340094,0.05937551408294851
2150.0,16.46110778662683,8.957903023890838,53.16454341743628,0.02387411398062718
2155.0,16.571434281142317,9.553340464314765,49.91522560977761,0.018932567537535618
2160.0,19.496550592819013,9.63558903410613,52.91201347900319,0.04285289151584469
2165.0,20.467041723824373,9.808549951513596,51.98753335963873,0.07752598284568402
2170.0,15.40367316695605,9.303377651911092,59.63552245876849,0.05717830742384232
2175.0,17.240721200747014,7.607583887541957,54.00467761289565,0.021205802094949544
2180.0,14.174640297767603,7.851366015165734,49.65542104718192,0.022529007504435324
2185.0,18.076019808701762,7.650589594794334,49.001457434101155,0.04887460513888736
2190.0,15.790428985268845,8.372428862784274,49.68759634396019,0.07272444946029105
2195.0,17.179193753449624,8.640258303855118,51.560542982572706,0.04369048786328276
2200.0,17.720391212534437,7.9476895854242064,48.76601929968659,0.01939888270571835
2205.0,17.271859239723206,7.814689547844949,48.849772732215726,0.020670773891600127
2210.0,13.142132289104774,7.858387639349037,45.33296936744167,0.04902642741381888
2215.0,14.700247876053941,7.936071885948507,43.11200883372178,0.06569127065514092
2220.0,13.969124798536878,7.752412920897676,47.076625713867976,0.03639958356676163
2225.0,13.333696959829439,6.755161535393482,48.138908996077035,0.01649432930935749
2230.0,13.25050972153542,9.89517819826663,46.18600194312921,0.023291364795009595
2235.0,14.079862420594653,8.166680912665527,51.240660941974014,0.057270012678845
2240.0,16.611317597079086,7.828817601598334,41.20659562519932,0.06783999473367838
2245.0,18.212599717331955,8.100038553467138,43.58061246217457,0.030663369723616905
2250.0,19.199941294998393,6.737592665806475,42.42874636827114,0.020472229284247346
2255.0,19.163714665771995,6.722906541004068,41.253336066852896,0.03174585137137241
2260.0,22.322325402975142,6.10361183214541,37.3701629030132,0.05555105892427411
2265.0,19.889959175430285,5.712243475715676,38.85764365619484,0.051061628376074746
2270.0,18.12467851135699,4.859885226005966,36.74323808859791,0.017527939872510976
2275.0,18.142795096531387,3.6333284707640057,41.58256260218363,0.013985063467794259
2280.0,19.93712042544038,3.07115207516075,42.81717077547946,0.03226264317723168
2285.0,14.571256612912475,5.264475650806783,40.47940919753397,0.06342850116015404
2290.0,16.49901479014467,4.539568962446005,44.38175578423908,0.04560253106495872
2295.0,21.48597317095235,4.906271636286294,42.2965271928309,0.018030763976058795
2300.0,17.684218737531914,4.067512086714792,45.87186017156236,0.013982794992101836
2305.0,18.456308824594014,4.83354398376804,44.1678277209624,0.04031961630713599
2310.0,16.270973334484875,4.832098550139138,41.35430826984348,0.06527669097607451
2315.0,21.943134350248812,3.928771631329407,43.39860060498157,0.038998042690337055
2320.0,24.35109519107335,3.280122399171412,47.111610977621794,0.018284434904855058
2325.0,21.712525069661368,4.880112331609676,43.843457321529264,0.016665394537959198
2330.0,23.91371784314056,4.226336490742707,39.76073273835412,0.048024544706035864
2335.0,22.043796267912413,4.530363115057517,38.59893633170273,0.0700890685670887
2340.0,19.861029179795715,4.870989434614803,42.60984866632436,0.03232343608556657
2345.0,26.296653502660888,5.10083630606771,42.98009042141657,0.018421124478059922
2350.0,16.731135152794433,5.130578271909753,49.327860263518986,0.023661092840142124
2355.0,18.896684389594636,4.386531224867089,52.07179329074336,0.05748000200182244
2360.0,21.933081695757892,4.206276200388921,47.29631913652432,0.06206157916287807
2365.0,17.490172137563807,5.6292118505167625,51.30884770941155,0.031024410349484447
2370.0,20.889518354626272,6.670408948187871,56.98139896203072,0.018627811764720677
2375.0,17.750908662548046,5.738196960956176,54.9391056137834,0.03225199577444881
2380.0,18.012626943072934,5.8977398621002335,53.16891193091319,0.07532666752160791
2385.0,19.45601272053938,5.666706732660743,51.26449357646604,0.05721575354643333
2390.0,21.30027675209024,4.834331447237636,51.289199565726534,0.021856929580845338
2395.0,23.102125223174312,5.496419732203102,52.008803812812445,0.019824834103653897
2400.0,24.098209103860615,5.033473015723605,50.95513520209116,0.040114998133300064
2405.0,24.092857098719936,5.487330951541015,49.644789177479225,0.0705227490940172
2410.0,24.08032308478189,6.308037444792793,48.80746025623747,0.05211400221666121
2415.0,25.266617467622968,5.034883293521441,46.36493392048119,0.021155245550858313
2420.0,21.49043615640208,5.076075332735241,48.76199257406138,0.016246183073663142
2425.0,19.385808341673567,5.090575205469271,44.34440185408563,0.041401366900858445
2430.0,18.87492236926468,4.773468285121423,45.49075971051085,0.06952080314922783
2435.0,23.243329077275312,5.433070865178705,43.496416154751664,0.04437314482020278
2440.0,17.134398773470817,3.5657188267791917,47.35363408213183,0.016483753872548034
2445.0,19.456144636735868,5.014005168510432,45.380338504621584,0.01928154207407956
2450.0,23.187894716314418,5.464605752198992,44.63175891001914,0.0474080765105037
2455.0,20.534246854046703,4.226006868131381,43.66462336592683,0.05988672507703518
2460.0,23.40781283954853,5.67640159651142,46.43459642077995,0.03188914984287058
2465.0,22.23619719514075,5.483926365896187,49.880851033727836,0.01835549455479535
2470.0,16.595484939944605,4.7584712357621575,42.32384661239172,0.026035093663091723
2475.0,17.8580886145675,5.7314303772818445,43.895943280194366,0.05586474403805172
2480.0,16.305897519798147,3.6973695694004154,44.811869858886084,0.05677548680156432
2485.0,16.92307087416546,4.89271189096746,46.00778844052525,0.02532815465333917
2490.0,16.55188544151575,5.279159640140437,40.50155540894595,0.017691926589473723
2495.0,16.616544591493984,4.687523188351823,40.887069371407435,0.021403809281909207
2500.0,14.76018388470058,3.601451033046943,43.79024798518308,0.053842119860915624
2505.0,18.829342626102935,4.514997415547089,43.99550240589899,0.05042719352023512
2510.0,18.81962747331048,3.3203330665990864,37.90428271588271,0.014511916895954595
2515.0,16.853108157136838,3.4357511461339088,39.714601538743,0.015342873263499349
2520.0,16.25346784788116,3.430030709489004,35.16286360746159,0.024908604261670266
2525.0,22.489988594107956,4.754735787259822,33.27602065591148,0.048170298244940256
2530.0,20.793819383921612,4.235758897865048,32.85954224697693,0.041180783637581424
2535.0,23.663598842866847,5.699006966150107,36.94535742935827,0.01911183669628411
2540.0,20.937552909869176,4.563619967254535,32.44257423725241,0.015400171886687655
2545.0,19.345188346324477,4.530246636500253,33.63609592139302,0.03661996479747825
2550.0,16.8114301257448,4.519939718255674,30.82536222722213,0.05949050584099007
2555.0,22.342028519100705,4.325584918051001,31.35731942034135,0.0345826083402841
2560.0,24.286163320257426,4.92564089626681,33.43510942953094,0.014054334742264803
2565.0,21.29792784382179,5.8843288422262905,28.061389734318677,0.01171491325388688
2570.0,21.064153417326438,5.183587104273248,33.426398410848726,0.04280843294942039
2575.0,22.090050220109116,4.143334720640542,26.343804416497232,0.06111350580173823
2580.0,26.965010330358297,4.572987078832345,30.912708641491555,0.028420650189379698
2585.0,23.97659600878471,4.9283748094903705,25.911297602535093,0.015614870480033566
2590.0,22.959559165652085,5.014938474014776,31.86239235726918,0.018345539771881327
2595.0,26.415347978618527,5.6924050571776,29.531935506279368,0.049709498497043404
2600.0,21.9042943357886,6.1934867200879244,31.52669833943026,0.05313461978403487
2605.0,25.81429728769004,6.2046210643093955,30.272295655896894,0.025241861782953543
2610.0,20.915094494199842,4.669151934769654,29.461930567616285,0.012191237754894692
2615.0,17.674105172618304,4.6912871622948265,29.94291738543477,0.02502314249000538
2620.0,24.32445911513721,4.281671322700742,29.315380959970135,0.049197475294213956
2625.0,20.52370932844914,6.478368322276798,24.661216931629994,0.042280282658555
2630.0,13.650819848218779,5.66277969639785,27.262805140396754,0.015394913358635699
2635.0,23.569598514437473,5.585550939925285,24.941769623500623,0.011197110882872582
2640.0,22.044990957925386,6.967170299455133,29.87413666613926,0.027855637888197785
2645.0,22.492119131193718,5.821981710529785,30.23879143193825,0.05091833967193426
2650.0,20.642911627264382,7.291169943659359,24.441154446800684,0.03856481950078161
2655.0,21.77369253834623,7.078070048655326,27.212772645421726,0.018475937830540853
2660.0,23.948957056788824,7.052060094215113,25.440059394265724,0.017027972931137933
2665.0,20.36306992676743,7.947845168774585,29.544482652682166,0.033255887240389186
2670.0,20.99569170130463,7.4094687935963135,31.20200306970548,0.060469545680869145
2675.0,23.345703383855547,8.226717782638602,27.52944672987823,0.036239828063436064
2680.0,26.470961929019346,7.4560688776391295,26.301897039524956,0.017607864124929845
2685.0,24.744343204448594,6.038009478932642,27.560192416191775,0.021180473860138695
2690.0,26.981952509180807,8.202971420470487,27.435718160816492,0.044353907366894096
2695.0,25.306392737398262,7.098289550905752,30.03323551431397,0.06506045815352242
2700.0,30.58687930826405,7.486666210886168,33.20659339153593,0.033215882838854925
2705.0,24.176302646530125,5.63929421552258,32.54312489512615,0.014684332580009877
2710.0,25.186393974125608,5.666269385723052,39.015714816353785,0.021951917415639215
2715.0,25.155053103187946,6.0016607568955,38.61282662590258,0.048404386835423314
2720.0,19.435039318418667,5.809906780029841,37.35740803946413,0.05704681441444603
2725.0,26.536204848552046,5.7105353170435835,34.58894544789715,0.02354510942081291
2730.0,27.806474489829892,6.651374497796808,39.67550055417332,0.01761913989525274
2735.0,19.6730984033266,6.10569091923519,35.19903591486074,0.02747011664554963
2740.0,19.63589093157663,5.586971476955392,37.17906059459415,0.057062111193634434
2745.0,20.442678684254254,5.489724012366587,37.849780882160275,0.04703951684533101
2750.0,22.49457497241595,5.359519066257822,35.30201335933127,0.018138142475266565
2755.0,23.44784213204028,4.521725738948568,36.66806533430289,0.018465382675048055
2760.0,23.747724515953514,3.005097388385378,36.27859051613654,0.028560630417034993
2765.0,17.742689049655347,3.341593315584804,40.47733549032458,0.052722326087377466
2770.0,16.815118340324045,3.597681099643322,38.01637584173517,0.03882167696966045
2775.0,17.89940198057655,3.429446676769038,34.183498336286796,0.014966922662223327
2780.0,17.403471544896853,3.0968696132653006,39.06491219521499,0.013265973556881885
2785.0,19.457558016522253,2.1047170973186033,36.067008867283754,0.03228961434737686
2790.0,13.147965007905125,2.632616364082391,37.299764815923645,0.049088091208610025
2795.0,17.913419617569303,3.2287885367033606,36.59748758807044,0.028010147524082596
2800.0,15.910818337514852,3.746284200628837,33.805137578761574,0.01145657297379451
2805.0,17.354235518224687,3.3619231019575335,38.244530265785386,0.012708829994872512
2810.0,17.331533502838084,2.8525750732444775,34.3830849713596,0.03740159828342895
2815.0,15.420358457169751,2.9815107580583087,36.73538957166839,0.045703268765980645
2820.0,19.544155626156194,1.8791889535947297,34.32718581912682,0.022402218507315084
2825.0,14.788831308287032,1.8601956005086286,31.918452871960774,0.012877567159624891
2830.0,12.163821546331693,2.6493160235953574,37.73422066624376,0.013957607852722024
2835.0,17.735324656060904,2.3917208296084005,31.41706107256895,0.030713318932360793
2840.0,14.456737529888994,0.9628658352683763,34.71252306847624,0.04544479135793365
2845.0,8.923859954435567,2.4369209192220094,33.57473855452207,0.02193198437834451
2850.0,15.67363426902983,1.9942819503091493,35.46275866814373,0.010953514649696
2855.0,15.52488262325181,2.7796906724475288,32.499268267064735,0.01898099982019802
2860.0,16.722493476631843,2.878860337690896,33.43048416369689,0.03799928193198258
2865.0,9.83071696489284,2.7067639432931223,38.2224629250559,0.03859252770003847
2870.0,12.9498712016264,3.3429380975914738,34.46321834580016,0.016344438921473418
2875.0,14.156169458834603,2.6246405664461814,36.07160245232313,0.01251507642044086
2880.0,17.17976326070671,3.229174360147425,31.76441305624669,0.024989816925447772
2885.0,14.606130532720803,2.453276514938921,33.47656568767864,0.04374904074182937
2890.0,17.43424136347696,2.839340477930134,32.09887928194036,0.02834000239007533
2895.0,17.19100142503584,2.344500119073629,35.13537146234375,0.015063952703606607
2900.0,15.493676752701267,2.499161657771887,32.37468489225813,0.010208900911687703
2905.0,14.86910445251092,3.3675276172117106,33.663060396004994,0.025098442489039016
2910.0,17.165934014248784,2.3904240221543422,31.869560522007315,0.0441339537253214
2915.0,15.304128139690146,3.57347882264256,32.10885810376471,0.026844836552926236
2920.0,13.151893114349438,4.278375064031433,35.141359161630504,0.01154702853751844
2925.0,16.34863585192086,2.6259892846522304,33.099654546061444,0.011903074349046179
2930.0,15.864774775618985,3.8088815790558623,31.73941514996482,0.031941396771274735
2935.0,17.247474486618977,2.595451362028503,33.018233247179445,0.04357731845789763
2940.0,14.5997417610836,2.657668821205554,30.07348279488694,0.018674977890876993
2945.0,17.54204684514105,3.2492130997949187,33.31490939196306,0.007365946194382993
2950.0,19.037732348172224,2.9504715256826355,31.124226695933093,0.015282526757507412
2955.0,21.05738146503796,2.7084982673166347,33.20916760363656,0.03338164671759418
2960.0,16.371548509895437,2.039714773972972,30.047039763458788,0.03697033425258411
2965.0,18.75391731865465,2.2596079889984444,30.20266611101213,0.01567482217363025
2970.0,15.308667669189306,0.7855973659001143,28.36767367148384,0.009593501347485121
2975.0,19.83988052392412,1.6370557992922115,25.358366272638985,0.01674219947579496
2980.0,17.4999739989452,2.083470946790114,28.735390703034643,0.03481276083618726
2985.0,20.838805898381636,2.477555055351891,28.811507435781287,0.03199062951887908
2990.0,16.959281322001445,1.794584617625019,28.28074585643219,0.015554208389440771
2995.0,18.568032688440418,1.591653960371699,28.889960511555316,0.00979507604419021
3000.0,14.808459490309382,3.087199443716516,32.18483162780541,0.0219963497619448
3005.0,16.908555050585147,2.7473598570584876,29.949994096480957,0.04731243389779205
3010.0,13.993984343206998,2.8978578719193733,32.68300232530871,0.03019814969077993
3015.0,13.892641553243497,2.815046870947446,32.20758053224688,0.014053922663648718
3020.0,13.351527794838496,3.0270879050822015,32.11109472297916,0.01176835786365522
3025.0,17.188002237807975,3.8120287952779566,35.72334109113607,0.02655006802496273
3030.0,15.492978716698985,2.039143986092993,36.03437686340846,0.0446386495059175
3035.0,5.6522420819900265,3.0478960614628487,32.19627017239474,0.02766099848846551
3040.0,15.977283130976861,3.8402033184173376,31.823035678488036,0.014799134990436814
3045.0,15.757026224616995,4.175897820939318,34.765433746741444,0.01050975723883572
3050.0,17.937467207321113,4.581510040290257,29.099134126250263,0.03175756376178915
3055.0,12.796663894424997,5.90804026813791,34.09485555311721,0.042934092408581315
3060.0,17.242949756907244,5.804810071606998,28.062539416182844,0.024374950568943576
3065.0,17.286833732334102,5.8197751061142515,31.93794217649124,0.013000523691945924
3070.0,13.235567393076357,4.729504304776881,34.92705682011294,0.014147118834307677
3075.0,16.16955209978715,4.916147413322708,30.222472915019594,0.03787787086324434
3080.0,11.570289047974935,5.182867509331502,39.07401416324032,0.03932371689761086
3085.0,16.05314874235934,4.589599227363083,36.43609455745892,0.016818029514160802
3090.0,14.258167039418717,4.072676371987912,35.95159351254643,0.012550856639455592
3095.0,12.274404211276165,3.7739477102192542,31.822658102331157,0.018191098535799005
3100.0,14.202256303448735,2.8070472553608785,32.675946182240295,0.037967533899163235
3105.0,13.988775777268835,3.8137239696560408,31.015366840624537,0.0371186857139874
3110.0,15.96784797296246,2.426030522090544,31.306985225130532,0.018981866774436973
3115.0,13.466087708188441,3.538565112254105,26.59904784025457,0.010329492408399334
3120.0,15.695260602906703,3.6192056714252194,26.851189992822963,0.0174554958046012
3125.0,17.241630218725508,4.906008155520744,29.222900391034834,0.037305609743729214
3130.0,12.12866232631984,3.6528727216305765,25.34291118880562,0.028011444799817233
3135.0,11.729541097763445,4.969759842962572,27.967767319422187,0.014605701813943994
3140.0,13.99626172442889,4.4279816346467,23.510742532247658,0.010184932035166839
3145.0,14.733798529796406,2.8141094292558364,24.59067792339903,0.022625883080119102
3150.0,13.269121162883676,4.702890605992348,21.789894227191077,0.03715446376602834
3155.0,18.153908417458258,3.604742781184139,21.658599270256083,0.017901086688045603
3160.0,15.963628971438753,4.040527236271609,20.578991781056295,0.00419939866809412
3165.0,9.847351381844401,3.2304709363049806,15.14698047391678,0.00809132167538414
3170.0,12.874660403400771,2.9141897482958177,21.940283030585025,0.023638002342235506
3175.0,8.70327637566287,3.2661031514494807,21.905568775369087,0.032957833874182225
3180.0,11.459551946430812,2.957741188139039,20.12790793279771,0.014823021388920613
3185.0,12.356870034859387,4.349542866444877,21.38119633345564,0.005103551349895326
3190.0,13.326056308274536,4.741924172956399,20.807504212432505,0.007421088770846931
3195.0,15.981901683244828,4.977168773363686,26.66177580339407,0.027185041175445093
3200.0,13.82750636087733,4.207167946885555,24.878156937385864,0.03270605317555254
3205.0,12.79830180284769,3.9623417447443385,24.45697425518656,0.014610533519608924
3210.0,16.842414078644552,4.078058668222063,23.945979025401268,0.011345030427527164
3215.0,15.339267432825364,3.1806664640194877,20.475244856807198,0.012148116915900451
3220.0,17.236404662392953,4.064181478384637,20.041130525305405,0.03256266597026931
3225.0,14.654996248480934,3.223907897168216,19.81369152158655,0.02765888760695384
3230.0,15.839979660943253,3.251353333021466,20.424162291468782,0.010203043676323409
3235.0,13.343467228421003,3.5084408290304467,20.734417476420102,0.0056685123901091105
3240.0,17.741016151859895,4.032052244900101,17.96334738161019,0.018053009033540394
3245.0,15.477999662038197,3.944711976605786,17.27227123684972,0.03578553026731063
3250.0,14.721612001091634,4.348488824008978,20.133114058915048,0.026704084971809677
3255.0,16.139510349141506,3.560583905772643,24.240050785994168,0.009925533043271347
3260.0,14.61893997143832,3.053882139654732,17.37294791850507,0.0075728671713524475
3265.0,14.874296052675762,3.3823507396183214,20.15517170988793,0.021380876000634576
3270.0,10.350856336273528,2.990128074531449,20.70074128795208,0.03180669127636572
3275.0,10.451162119549869,3.5727178860036264,20.53590538107766,0.0184802407784496
3280.0,17.059521262664962,2.9552253290821975,19.084972689667843,0.008757422273985384
3285.0,14.589398687842536,3.6255785084021066,16.24530240621853,0.007593457242832957
3290.0,15.419945759915757,3.1882638129022434,18.904271390983077,0.020776233536331262
3295.0,14.386952445624763,3.735626610325931,21.098506384836487,0.02843242739259018
3300.0,16.059349671790525,3.3608172114717876,18.20397661550255,0.01258621540614132
3305.0,15.305424649757597,3.710436526557997,19.816134555003867,0.006678448816318398
3310.0,13.85024289193545,3.7393542557023145,22.318023338388947,0.016138807224012734
3315.0,15.700726647358158,3.2953707272360964,20.876759625292756,0.023541798625644962
3320.0,15.411279417602948,2.601930477841678,16.460762387859177,0.02741183125938927
3325.0,13.488429530506643,2.6469655660675837,18.595305866359872,0.0105217813482152
3330.0,18.260143267028887,2.1942729527141664,19.987290593414194,0.004343864276387284
3335.0,17.0614670277547,1.1664965511405658,22.786804036073065,0.015350930585129098
3340.0,16.29889337498155,2.0951666924579784,24.208836293388604,0.023541252761874656
3345.0,18.15271364517194,2.7853808310832484,22.26010457788621,0.027229215325473018
3350.0,16.591831131777592,2.304919812428217,22.887484459731528,0.013172023258749154
3355.0,17.306561358511562,2.323594177177589,21.704562659128413,0.007240115475932068
3360.0,12.90494008881108,1.21118130152066,21.00261851291602,0.018106166617492557
3365.0,12.844564951246287,1.2640435924534694,22.278661429403897,0.027947132124785747
3370.0,15.731217256890577,1.9867014011364956,16.659395471637367,0.017498428412880813
3375.0,15.296203316600023,1.1612153210514529,19.66176148751113,0.007439750551984791
3380.0,13.889187412851046,2.160046904581076,20.3763406831859,0.0066893395656777484
3385.0,14.900811208910916,1.891039225102392,25.307578329809402,0.012329554970405214
3390.0,11.14551911752176,1.1963965448950424,17.185114341260494,0.022794384296391575
3395.0,9.78045014652433,0.8453917250407484,18.01453466746383,0.01555816398155831
3400.0,12.74351672738712,2.024948927127927,21.274048208299508,0.00774821920147512
3405.0,13.294087877714027,1.596009681056424,19.48983108969498,0.00966899769992311
3410.0,11.564267931998126,1.5264168824607527,24.21429568522386,0.015613902724170688
3415.0,12.789590097732662,1.1772802649329224,23.157119732126016,0.026859683726535973
3420.0,14.66210005630343,2.5012759620736116,21.203716359413505,0.013128821560814005
3425.0,13.385390165403654,2.5275874573920127,21.570717477988328,0.006012281535623027
3430.0,11.037456250368516,2.2404979174615947,19.17406520365643,0.012523981414967938
3435.0,14.524267295244986,1.1060864182082306,17.061238057013686,0.018872882227866906
3440.0,10.607180027971829,1.8597770636155595,20.060968419375648,0.02343128085123454
3445.0,10.064263403851626,1.749285742642967,18.333180506776404,0.007986326384989556
3450.0,12.609736831970235,2.201193277105723,16.56880623848578,0.0008376844610224017
3455.0,15.653880967645936,2.42977780647961,14.374632580077371,0.007528172386404833
3460.0,9.137348385531189,1.5533335726443633,15.059042322508425,0.019938666366311204
3465.0,12.910907009727147,2.6565831717453348,14.390566219174794,0.020016597798763202
3470.0,12.016228624332202,2.5312357049720453,12.187522678194586,0.002315417862500127
3475.0,9.293006452146338,1.8980398045557694,10.512663249067531,0.003462120937612334
3480.0,8.89888778036968,2.045000998970947,13.082118460739345,0.007088548558184415
3485.0,10.374792899676725,1.4995774498125416,11.162495582160181,0.025089686309273097
3490.0,9.170799377054129,2.0179815508687393,9.949167248068516,0.011302461788627021
3495.0,9.365775870244299,2.0506932977715704,13.262381335355126,0.002594797462742338
3500.0,13.046552247279648,3.098934267919633,11.072714880569752,0.005807280824355161
3505.0,15.520199843462038,2.2147287376153426,13.446768581014563,0.007997082415020052
3510.0,9.373591780949866,4.509703286606148,9.71025562701075,0.01914927600483518
3515.0,8.73143120213823,3.686627000164381,10.220552036744651,0.010571080292744929
3520.0,14.052735683599074,3.2859674175574645,10.515630231469103,0.004648111399343186
3525.0,15.433802464524875,3.2381995999380013,8.039987564318176,0.003785990975060003
3530.0,15.932645579537997,3.6957084573878016,6.432592451255999,0.015979248514682232
3535.0,12.636281965055488,4.050022435254338,10.471828368867,0.02071812616265838
3540.0,9.739417618161275,3.860252783425589,5.695836269139095,0.011859458705457406
3545.0,11.758401970747046,3.9406384124456184,4.475192771323598,0.005596422206483676
3550.0,14.115404906628267,2.809738214430072,6.196207476126403,0.00908943383075964
3555.0,12.522543466579728,4.666617274311153,8.665938196900727,0.016838118399225183
3560.0,5.069846289854334,4.160413199071699,9.647227830002658,0.01775912719387428
3565.0,15.123447393933159,5.1201441475488085,5.983577877493783,0.008130964710182395
3570.0,6.407282029172515,4.171605535824817,5.81190111561337,0.002641887749662782
3575.0,10.000467255804391,3.449937183187972,9.106164893929558,0.006017070023052944
3580.0,12.125208313737526,2.226769312438595,5.014515929915373,0.016767750410129345
3585.0,13.044657682827303,3.8445181650294575,8.3245754820099,0.01246822027988831
3590.0,9.397379168182939,3.9648072288317042,6.913676334565202,0.00836371907693697
3595.0,10.534894140082695,3.982836966836712,4.544970960215175,0.0007537349036709114
3600.0,8.475956971173629,5.188304247951507,7.712699646075579,0.010510327536168857
3605.0,8.92088800229071,3.594841158087111,0.7318161327448207,0.016347503928791772
3610.0,11.93787688811426,3.9669878140876356,1.73352995671183,0.014257094093486293
3615.0,9.35867879958415,3.654846999365468,5.5408976896859015,0.007157157185347708
3620.0,13.717755253930271,4.078482889118453,5.462536273382861,0.006484546875524971
3625.0,7.618806302422838,3.097057068982808,4.000329630477028,0.010821428357723595
3630.0,8.243735744175089,2.886409395474705,4.679106215899696,0.014960467493767688
3635.0,12.970282236889622,5.85889825761471,3.9107214192193482,0.009110757214882513
3640.0,8.784553696827437,4.5208712636003305,3.3235751029045812,0.000996719828740218
3645.0,11.96556916639225,4.430028965192163,2.584911403690935,0.0042198214960446154
3650.0,11.225307471011806,3.988849509154881,2.9836541915532626,0.013313014195033113
3655.0,5.905624035562397,3.5085347073555075,7.336737126694137,0.014825138667815539
3660.0,10.291295450368454,5.115032733307215,3.3051226146997994,0.009003245035932948
3665.0,4.937511961575757,6.023310846108648,0.0229724789502761,0.0005962218356582215
3670.0,8.162674307922924,5.585146520470409,3.913961931901635,0.0004950632371415247
3675.0,7.98702292739061,5.843543152579575,2.2911383980338376,0.013596163909314998
3680.0,9.514444598270382,5.834462168120846,5.049421692898781,0.015617249737862842
3685.0,9.092652685358887,6.563883324197551,3.197338535963389,0.0029120228457622304
3690.0,8.506000609239788,5.823448357008208,3.4029308986378326,0.002642299598122423
3695.0,9.014759071516222,5.392249680470146,3.0792320928505137,0.0053072293844326265
3700.0,10.704068148323069,7.253024647824768,4.149038803236208,0.01684550115791693
3705.0,10.459914860944238,6.387503374927694,7.851918488926906,0.011207552946900628
3710.0,7.054050308447497,5.904802164988082,7.038631976630754,0.006608579776534874
3715.0,9.058601908040405,6.0278107964788274,5.161481521143696,0.006653923623552275
3720.0,7.938348624537769,5.905814807842587,4.134252494623888,0.007833428004622368
3725.0,8.326571554028977,4.872994597382449,6.5694988240847145,0.012169514976282813
3730.0,7.198063128769581,3.224951747938145,3.112861602173632,0.010068218987158595
3735.0,12.341737928685424,3.7703471513559985,3.8853014370736747,0.008219584182003357
3740.0,6.007364517766832,5.772027812881562,8.95863996982423,0.0030117475919321105
3745.0,11.801392319510336,5.044628842974225,2.86364492241609,0.006871601213534064
3750.0,10.576657166744479,4.2835262653608766,4.8729753790499375,0.012821239249330681
3755.0,7.588055158618949,4.684490910921144,6.371816710930086,0.010828590882043482
3760.0,6.613512595279829,5.109299242940364,5.765518299163279,0.0020043730682539514
3765.0,9.767057518749848,6.13727650454437,3.5674545424368787,0.0062406599986423155
3770.0,5.266011932853816,7.145146151730219,4.2847874574899185,0.0131456363353626
3775.0,10.91639949028725,4.6514425696306985,5.5777131256388905,0.01962680766547026
3780.0,4.176024967555233,5.488692773123663,6.957685042778666,0.008958888361099536
3785.0,10.263281615623333,6.14658477653495,8.225629167118289,0.0025875401507341506
3790.0,9.525929652516218,6.168325220528741,5.96011395217171,0.0019801510273253684
3795.0,10.628626736287377,5.250530917587242,10.517797873235988,0.011381918529249961
3800.0,4.300116453539543,3.6730774062089355,4.619445606155507,0.011886149600688088
3805.0,3.7822120090508395,2.8749540105636395,3.0155207802202137,0.0033785460149025606
3810.0,7.727689201562698,2.753476865199413,2.415919365336149,0.0001
3815.0,10.434461893443338,3.8104808300704667,6.718260506106099,0.0008556809409213158
3820.0,4.328380417914444,3.531001081562339,5.86569612680803,0.012573136999744555
3825.0,8.457710367316484,4.589281114082348,0.5641978177975489,0.010015152112658687
3830.0,6.969464241321724,3.9514065862482544,5.152588891575796,0.006743276207135074
3835.0,10.281243462042838,2.2089953219729086,8.470143604553224,0.0007745246444481203
3840.0,8.215505291413788,4.635595529799111,5.936880398589687,0.009157797313099125
3845.0,4.360406142460876,3.142853520859573,11.638302207779994,0.017028189466515447
3850.0,11.730455212323587,2.6500214243679965,3.7662748441408436,0.006571192264121645
3855.0,12.607469361181433,2.043941196001236,6.012420663408065,0.0019388269712685572
3860.0,8.596773264637827,1.098311852568232,3.013513483974797,0.0017560696911562952
3865.0,9.811071641470575,1.5054948235293315,3.679902964223332,0.007116805129979139
3870.0,9.971431978988276,2.1543158076390108,3.9110326904723114,0.005554410518907147
3875.0,6.184955055730644,1.9955774063337683,2.4782982769014974,0.008089804623642673
3880.0,5.435616792295864,2.51293749861231,2.650694230179665,0.0001
3885.0,4.09220709303059,3.69319357294769,9.470823068081149,0.006179493984046371
3890.0,7.598889945299856,2.452134945360949,8.265357232475655,0.008819337946950587
3895.0,7.114459440407367,2.5557694079928717,5.625424067702717,0.0121263018785749
3900.0,11.545967520470345,2.2654708154213656,3.6946139497871116,0.006304930417974704
3905.0,8.315686199649022,2.1499200640389016,6.773310371679605,0.0001
3910.0,7.722177637325924,1.8763522780796196,5.145606498566488,0.0034310002602297254
3915.0,9.63700233668754,2.536060401596717,3.9076671855226675,0.009555907698456578
3920.0,8.404463409422641,1.3598710858165146,4.778963625049283,0.00889696758331245
3925.0,8.431531309777593,3.0537659506534474,7.879416511599864,0.0001
3930.0,9.989014627063902,1.2815033882265983,8.428666376846623,0.0006314021610183526
3935.0,6.9057296341173355,2.4558761992225304,7.297649976294058,0.0066162954337274545
3940.0,8.532605512710111,2.845723631151101,8.008871094761036,0.01186012983717661
3945.0,9.037581768063546,3.0113110572630513,6.615592737063734,0.008641878587462624
3950.0,7.122685648557824,3.8559071231742292,4.7955671615672,0.005992384514074162
3955.0,6.690771494434296,3.1439122729080706,0.9023785994009796,0.005185740168289883
3960.0,3.9387373590117933,3.7034850240903308,6.855486794349228,0.0016700499004439406
3965.0,11.13270437870003,3.4565562183987195,3.1920258311544494,0.011233371051988605
3970.0,10.310396321613819,4.0830392378515645,5.426564637159855,0.006942476673460247
3975.0,8.25518303597407,3.7977910734445617,5.8693731186932885,0.003916411521691246
3980.0,5.206999800283643,3.4395253562082244,3.8329168535583777,0.0031554248845687078
3985.0,6.571319171791611,1.9721773724066365,3.620136463891581,0.004357788859102154
3990.0,14.429491098968924,2.4710974070437657,1.2361616272539209,0.01116655873001297
3995.0,4.175870136358949,4.661180899843065,4.01072279589829,0.009400811866550252
4000.0,11.374272190793313,4.412344890357628,4.225143896676505,0.0001
4005.0,6.739131224636509,4.443239634568907,7.215023901270113,0.0015826688835267801
4010.0,7.756253492220536,5.040391172663135,3.267774600840273,0.01056259886460484
4015.0,9.740766333651905,2.6826005183688855,2.1202542529190396,0.010315130693146948
4020.0,8.280135646577097,3.685300199560478,5.096504646870473,0.007162970507054831
4025.0,7.861545622971265,4.316737210255182,5.407652186503509,0.0030270492704056458
4030.0,6.629145509884577,3.3836085737177597,4.8712772820102055,0.005521511360405382
4035.0,8.03333631296188,3.704002661280481,2.419824359368337,0.00940907882409726
4040.0,8.469473784743478,4.370012540448446,4.045522239148819,0.01618195312652177
4045.0,11.889454395457086,3.5641926160439574,4.693130427166424,0.0026854949948971712
4050.0,3.864850674780893,4.740151857821118,8.05795049500053,0.005835832068913139
4055.0,7.710986083710685,5.864506300859109,3.4465534143939482,0.007204738614147332
4060.0,4.372400133500757,4.413359301456881,5.8351751591255825,0.011962291147129211
4065.0,14.737484823438468,3.3998926685281123,3.37490956176607,0.008712816503512962
4070.0,9.416299160546474,3.489404940456112,5.059062544672545,0.006597616970578919
4075.0,8.448298361439887,4.5580893508748375,2.5866590369028715,0.001917752616059261
4080.0,7.978860246865055,4.939837367298264,6.4871211561792945,0.0020087637143063417
4085.0,9.57644655944607,4.8532031824692705,6.945663833802342,0.015547378270831875
4090.0,7.810571319340962,5.666924983393553,7.719483501219627,0.008675531146423502
4095.0,6.0632872259772785,5.967361447463153,3.65174822790288,0.0017170451425597777
4100.0,6.321436986197803,5.287953047887703,5.736058579492337,0.0010556511019319055
4105.0,5.170566828631529,5.57368486572162,5.390687676165084,0.009898423220882448
4110.0,7.029385817980769,6.1499803656064636,7.304279835201649,0.014872376402048467
4115.0,4.870336731684454,5.809008053711886,3.891273604309071,0.008447797410935248
4120.0,8.569903340934227,6.001822009912219,4.677716172946293,0.005819333723193329
4125.0,3.103501461558606,4.978089996504377,6.42058451147607,0.005364068213698033
4130.0,5.149745906952766,5.394408447561974,6.286198051065235,0.009712757471170742
4135.0,3.26698313590447,5.768761169448478,3.345752796993302,0.006524190760159948
4140.0,3.48473625083626,7.286960574776033,3.9122362318285338,0.01104538101994762
4145.0,2.1314120831368646,6.634600424931071,8.592920375156186,0.009034185759458729
4150.0,4.412531573345554,6.332854386239656,9.443983095258119,0.0026421345183831628
4155.0,6.6074130794020896,5.542137504294331,6.646575763815671,0.012379857085609926
4160.0,6.494334541119699,5.053404541102428,9.862703850321513,0.014065766206058464
4165.0,10.817325985903242,5.441438902174009,14.34241173970213,0.00553142386540012
4170.0,3.2121623090828098,4.91574128035923,2.9533654085261576,0.0001
4175.0,8.517370918911606,5.360434960852519,7.884553381406644,0.004881592514409292
4180.0,4.854871467572555,5.369646395262274,15.176368657640573,0.008123808886792353
4185.0,2.4554596883634567,2.7402780106410995,9.415761706313262,0.007207070197757555
4190.0,4.5534993470108125,3.977584973550833,12.228713750465527,0.005221965497529269
4195.0,5.085086045400945,2.8106922665628336,12.185512865104407,0.005045830383209676
4200.0,1.0756084709406144,3.9518236785239,9.591763229440199,0.006695503085697444
4205.0,7.029924905796459,4.882075461412657,9.445602903103493,0.013061892125878872
4210.0,7.912594763261531,4.118877290395902,5.492388121837116,0.007855382446885021
4215.0,3.692171407874836,4.641636245651644,9.299769287281482,0.0001
4220.0,2.1330565821245195,5.399636521575529,6.42111360346052,0.002814694203926235
4225.0,6.487539673864877,4.841926699930662,7.606122709132258,0.00922073036400366
4230.0,4.680269887961773,4.371730605032591,6.960788062261306,0.010139358512255517
4235.0,7.235132759541398,4.0060190900050925,6.73984421239948,0.001832744062432742
4240.0,3.0579909789969353,4.87398876753031,10.53954700822908,0.00052714870391208
4245.0,6.390879073107463,5.656435257316133,8.616844929857669,0.006374314926859845
4250.0,5.490738288176518,5.3303582682761705,9.199226707965112,0.004285350165328933
4255.0,1.8438147558202327,4.834594403527711,4.432490309780312,0.00885952019844059
4260.0,4.721199195545446,4.756676282925099,10.758088824991086,0.002596515039831407
4265.0,3.6207648636368814,4.929682146657745,8.871932549111035,0.0023803248150200346
4270.0,4.665997456453894,5.420480995824694,8.374629834876218,0.006123728432481459
4275.0,2.0045784622185394,4.146257236385836,10.169610215863056,0.004631899717750656
4280.0,5.432932061650128,5.078149514982133,4.142121801006642,0.008211577927052
4285.0,3.3762338947718478,5.597936615952775,6.658923486711487,0.0035027670300322943
4290.0,7.111885275938343,4.63031329759566,9.849597707268215,0.0001
4295.0,6.622336742616251,4.569080594079568,6.846680387135985,0.004553116063449969
4300.0,4.280021560773795,3.713985341426831,3.4936463110149987,0.0088269058781245
4305.0,4.7671072150031595,3.7915910526385432,6.1600875069183845,0.006329709024407648
4310.0,8.112249606053895,3.1058246558123663,6.781618163981388,0.0018957508287961635
4315.0,0.3661293283731015,3.565300656053016,4.455988965785964,0.0032478553432956953
4320.0,3.490053052719621,3.499019082471045,6.319937296406479,0.000739093457300906
4325.0,3.718752796062963,4.832369220059386,9.317955099581473,0.00966411120053906
4330.0,4.0316722538953895,4.953659630995502,10.213038077250351,0.0037706945323791557
4335.0,2.5633102152415277,4.853612131940174,7.249279128970063,0.002647033339790263
4340.0,9.93759991196837,4.126365733430714,10.403694742136327,0.0006458806143941215
4345.0,0.0001,4.435556938794677,11.043859510731002,0.0067703812331609044
4350.0,4.083403443942984,4.183845084746711,11.841191708938807,0.009841140134410176
4355.0,5.722010632076555,3.1624545773214625,9.10305131046739,0.004551049120697356
4360.0,4.956683318885874,3.342234507666929,9.183312929775777,0.0041314642711506085
4365.0,7.28565848331594,2.439178411377272,6.999785937653515,0.00359502648274949
4370.0,7.223551852966584,2.9792729315458786,8.058703477593044,0.006422581964519999
4375.0,6.878815101983292,2.7093712217276495,5.996863797824268,0.004746003385744834
4380.0,8.497476684708598,2.0543479182516355,4.576693575509826,0.0072792363063327505
4385.0,4.3985627514071854,2.3929667450008423,7.12735889004617,0.003370965657419235
4390.0,10.54958246954741,3.601879169695642,4.323058776803345,0.0026151639756903868
4395.0,9.637960461668511,2.5813714137182413,6.593591534830956,0.0036794907172237453
4400.0,3.8229455769334724,2.0111682393637222,7.3555750255489185,0.005471040144678469
4405.0,5.700384106935823,2.600339410310087,6.189969356005549,0.005187897381943225
4410.0,3.3094077933556654,3.0654164346824953,0.08943976152141708,0.003851352715118224
4415.0,3.6952038936227956,2.40084381706398,5.201776748880236,0.0019325808067651054
4420.0,9.293498931543567,2.162338887720484,7.236361462984586,0.006866079222377397
4425.0,8.676182666360198,2.4034913301516823,4.518553424359257,0.007099468127391179
4430.0,12.381633042994402,0.18292659753204887,0.0709251435964191,0.005772547357899215
4435.0,7.768984276421467,1.1214721717050697,4.140519873189289,0.0017109605494524532
4440.0,12.355891476552943,2.0231664060764247,0.3940796509773232,0.0005318672174727981
4445.0,3.7561851081651647,2.3281684075809994,3.941636522221267,0.009244196921170126
4450.0,6.61476378807914,1.5047934410747064,6.986386976742091,0.003425448878848522
4455.0,8.413293065380111,1.443991032041186,7.171108685350584,0.0010770041478675232
4460.0,5.316356342776315,1.5988041438529828,3.0846272281799436,0.0018315895062641179
4465.0,8.142360668602455,2.0017518968673795,4.68901085488593,0.002926531673162904
4470.0,8.663517377516973,0.8963384240363403,0.0001,0.005457679315461154
4475.0,3.106870874972634,2.0957164879270227,3.4896402378815807,0.006191111296200293
4480.0,6.6453286863761925,2.354167606909452,1.41480972961375,0.001605231840397032
4485.0,5.445658386881643,1.4655712955845048,0.0001,0.0014339911391641601
4490.0,5.191057783152436,1.9934428176142227,0.3258926600066163,0.0019489102395752566
4495.0,5.705523524260133,1.494161118443351,0.0001,0.00622784594481275
4500.0,4.278937590631811,1.9447960320305202,1.0800693647249702,0.007616391319802735
4505.0,9.203510914341686,1.5567045127039054,2.207345112274859,0.0017826162309361644
4510.0,7.491091169247689,1.6100308793667801,3.3431284129015837,0.0001
4515.0,10.078299491913212,1.3195287977132528,2.9859707607903823,0.002752859600222089
4520.0,11.131321291034602,2.41971768287691,5.531526741797988,0.00022039584697281824
4525.0,8.262789534644131,1.9407110108491359,0.4017982965610414,0.0001
4530.0,5.607691829230135,1.6118451637964508,1.728060753929909,0.0001
4535.0,6.738434417655112,2.555638468249463,1.5332794995020178,0.000551559288202589
4540.0,11.901827563534013,1.5776155149209825,7.424117928855392,0.004878149082799696
4545.0,7.5278497127423805,1.7268464356757205,5.731830688957518,0.007949008860718147
4550.0,10.897081650806381,2.6941728778392298,8.491014259110443,0.0002810171734754234
4555.0,4.714293066890347,2.0249665746414065,4.625324642158292,0.0014117654518834163
4560.0,9.240252891352476,1.7884958467537784,3.0204510325111924,0.003981389563286158
4565.0,6.591185260704899,1.4556455090182545,0.0001,0.006957542085539215
4570.0,6.870529580085815,0.2521027475895934,1.9191020402629353,0.001958716626977803
4575.0,12.803067014876738,0.5609859901003901,1.7385051880704276,0.003986931651656877
4580.0,7.432659008515103,0.8343465815098599,1.3341039702997464,0.0001
4585.0,2.3889683911558075,0.6188855663878541,0.0001,0.0001
4590.0,11.071951265326316,1.9771671991500002,3.9896337560621147,0.0001
4595.0,2.217716560401623,1.3012142739783064,2.168108574595314,0.002901042428877842
4600.0,6.753912719698954,0.27576796782945395,1.3302989412916864,0.0001
4605.0,1.8464634363865522,0.13978519016699453,1.2596102032791348,0.0018860777818033594
4610.0,2.6371058006528436,0.8829875936010831,0.9833493715694592,0.0001
4615.0,1.562933568425791,1.02251131213279,3.8851442693411276,0.006137761303347809
4620.0,5.616143519395774,0.5975926610787734,4.324351762559244,0.0007666451912670523
4625.0,1.038860830699226,1.5365393406151382,2.6179914329781724,0.0010720129060332135
4630.0,2.185328541889148,1.296754483151431,4.508206100020661,0.0017540851507893357
4635.0,0.0001,0.3119244941366953,1.0052673755829225,0.0027460553788571343
4640.0,5.069284649958907,0.7933522610295053,2.326841889291733,0.011815177056719976
4645.0,7.405788836529972,1.4918821482954958,4.16787812877798,0.0004941725939965711
4650.0,3.8966931866688492,1.8510992244001117,0.0001,0.0014309995872730389
4655.0,2.562906817725673,0.40982184603469995,1.6234094993723391,0.0001
4660.0,6.982666428544464,0.3007629463704464,4.458099239256598,0.006502180064039281
4665.0,10.194900460431729,0.8553680275295316,1.4002000082521815,0.0027716415681446065
4670.0,5.409518964303251,0.0001,5.544884227205289,0.0001
4675.0,0.0001,0.8142992198749708,0.0001,0.00040607357521810976
4680.0,2.1566302501358585,0.0001,4.353716394650619,0.0021791910805061465
4685.0,3.0724290928366447,0.9594833021893494,6.078564585431415,0.0012372600752451075
4690.0,4.902527574938584,1.8853808831412489,2.1766802338418203,0.008637350804808208
4695.0,5.837539398788022,1.657034651383507,2.126166542086456,0.0021592841544380076
4700.0,4.121395263757338,2.5731785299812397,1.6847912049466227,0.0001
4705.0,4.394502589738392,0.7682697098319617,3.8246617435614416,0.0064594392604505075
4710.0,6.534988346810872,1.4881277784026778,3.6917620279869334,0.004110878112312656
4715.0,1.953475432573085,1.3894683429791073,2.855722442509774,0.002336930978663709
4720.0,5.673480994072634,2.120136290785279,2.4469471648988472,0.002087712826304059
4725.0,6.605773638121918,2.40606773328021,2.547623982740984,0.003199986284752491
4730.0,6.163978723641267,1.778614540511967,0.044435736980492635,0.0032022744776389602
4735.0,7.338214260948175,1.7993270878802612,2.228725564710003,0.0001
4740.0,6.177575156190393,2.8290247811695584,3.745187986839818,0.0021414025545235366
4745.0,1.4318661182314685,3.3293868512778886,0.0001,0.0021287868692838607
4750.0,6.407779186569391,2.573919385452644,5.0006608550227805,0.0001
4755.0,7.019761397922013,1.7563608747661343,2.2418166167637557,0.003045758638729282
4760.0,9.586694913998944,2.883774852654331,0.0001,0.0023460524836140984
4765.0,8.07699340358209,0.7211097883532596,0.6591075272751377,0.001702089101895456
4770.0,10.929576426301146,1.7603258214469237,0.0001,0.0018875548546000635
4775.0,7.008074888004778,2.4889779070427407,3.759757832897171,0.002871432404341271
4780.0,8.336588667131949,2.099695923561227,3.9903452631963963,0.006564071696540439
4785.0,1.9630264647958242,1.260989497766273,5.183652342645086,0.004499681117703331
4790.0,13.77609187493468,1.583622840409033,4.187282641645049,0.0027796456238087263
4795.0,9.943249749820744,1.5680959754580508,6.005161192568836,0.0001
4800.0,7.2788344647967955,0.7630623717057368,2.008555815954634,0.003561259704558001
4805.0,8.00335229758646,0.9376891664999947,3.2971120125735744,0.005220455755511011
4810.0,10.081132230303611,1.9240122333979865,2.9817723672006595,0.006500488614954448
4815.0,7.68850946534227,1.1035666904163355,2.805795403705475,0.006251654693339401
4820.0,2.565102856059738,1.8474584367700804,3.7253468375364003,0.0035070637753073994
4825.0,6.174201397165497,1.8842317245974514,0.0001,0.004289789786323493
4830.0,5.664642800086235,0.9321019654205016,0.0001,0.0014628830109563945
4835.0,4.6426216867590115,1.345279327373146,0.9699658765798973,0.0001
4840.0,5.754592649800112,1.8772928677971328,1.2340226942207457,0.003525163301833359
4845.0,1.1916576544895952,2.3763809993469986,2.6951075149586647,0.004006319687677328
4850.0,4.67521373656656,1.8039666641593182,2.9538337079872314,0.003511187312657014
4855.0,8.206576722842641,3.342785023200841,7.20796521334227,0.005345275211779543
4860.0,6.225800570584487,1.7735750045221592,3.215148167635394,0.003097629921569329
4865.0,6.660167497058432,1.998736835173752,7.502076282534773,0.0009817711143958188
4870.0,6.27894697783436,1.9119639946763614,3.0420067101677284,0.001802131091879015
4875.0,4.346833756837775,2.3032836577055544,3.1147292607517283,0.0036269204233692386
4880.0,4.955156380100506,1.0192951542461293,0.503528883290179,0.004313531651952163
4885.0,3.3989865526967016,0.6139986551797345,8.75199527746625,0.0001
4890.0,8.18064071637114,1.7734028014756864,2.7924338254422736,0.00011951769509229533
4895.0,7.1122575536541275,1.5971484060711756,1.599653707061117,0.0028736485953452825
4900.0,5.5736668085333445,2.075665245245203,2.4798686994040504,0.002771616273668384
4905.0,6.887596531400812,0.9886256298975238,7.193979840183379,0.006458893515494452
4910.0,8.947382334910785,1.7912614741148618,1.625424628668315,0.004881290948446195
4915.0,1.0144709056937726,1.4756720497514693,7.94089630179702,0.0027966008772763503
4920.0,9.201453490411295,1.812067024245448,0.0001,0.0022423145418341436
4925.0,9.14527702220649,2.2678289620818193,2.0259591796458447,0.0058230047939521554
4930.0,11.099940221556757,1.4656644976288964,2.157789757798863,0.001671931681598387
4935.0,10.50570614491371,2.0148872518714525,2.0090410059762696,0.004190707075680192
4940.0,8.263267317037467,1.438544915823483,2.2892605337992618,0.0024328717132417192
4945.0,10.260021804834969,1.1805680738821824,0.0001,0.005017464480131259
4950.0,11.639017126067658,2.484160919715986,0.4053565909761183,0.0019141944659403286
4955.0,6.214200959922688,2.814183303417865,0.0001,0.0033406796342051633
4960.0,6.730028886505049,1.4825448374716965,7.31190360556786,0.0001
4965.0,6.380163010884139,2.2136420863503075,7.686181050407684,0.0001
4970.0,7.003932163368817,1.2666290236100939,2.766196135606413,0.007085899231089881
4975.0,8.80694726996881,1.8468821370281345,3.2842219503351555,0.0055715277786583
4980.0,7.952516270859938,1.4059541408357832,7.006069742237501,0.0013101405341784012
4985.0,5.862527297802242,2.7725180642143195,5.771020626298502,0.002729965000965293
4990.0,7.973054072607136,1.188236950143828,7.043016307883036,0.001437992792799997
4995.0,8.185676379220704,2.3236278216643766,6.368366330880258,0.0033949230154532413
5000.0,6.982248793454639,0.5708187377707838,0.587794825050604,0.00585783514087479
